流水號,大類別,From,網址,created_time,post_type,postID,post_message,status_type,link,轉貼標題(name),留言數,按讚數,分享數,update_time,
24,post,看YouTube輕鬆學英文 - 希平方(111103359011041),http://www.facebook.com/111103359011041_915747275213308,8:30:41 AM,video,111103359011041_915747275213308,別小看工程師的籃球魂啊！,shared_story,https://www.facebook.com/22ThinkCreative/videos/1340501479308702/,22,18,1317,,3/28/2016 20:54,
130,post,看YouTube輕鬆學英文 - 希平方(111103359011041),http://www.facebook.com/111103359011041_897188770402492,10:50:00 PM,link,111103359011041_897188770402492,【希平方英文學堂】Brace! Brace! Brace!你知道這個機上英文是什麼意思嗎？看懂這些單字，機上搖身成為不求人！(...by #希小編)#內有彩蛋冷知識 #原來有這麼多生字 #專欄教學★設定搶先看，讓英文持續攻其不背★快一起來看看解答吧↓↓↓,shared_story,https://www.hopenglish.com/how-to-cope-with-a-fear-of-flying-2,搭機好煩惱，單字沒一個看得懂,6,449,237,3/7/2016 10:43,
84,post,看YouTube輕鬆學英文 - 希平方(111103359011041),http://www.facebook.com/111103359011041_904809516307084,10:50:01 PM,link,111103359011041_904809516307084,【職場英文】常常星期一早上到公司都要開會（（哭 有人可以告訴小編，如果在會議中有人叫我 Take the minutes，那是什麼意思呢？是要計時的意思嗎？😱😱😱（by #學海無編）#英文會議難不倒我 #這題有陷阱 #專欄教學,shared_story,https://www.hopenglish.com/a-video-conference-call-in-real-life-2,開國際會議時不再霧煞煞！必學實用會議英文,0,325,121,3/14/2016 22:50,
134,post,看YouTube輕鬆學英文 - 希平方(111103359011041),http://www.facebook.com/111103359011041_897850377002998,10:50:01 PM,link,111103359011041_897850377002998,【超實用文法】in， on， at 總是分不清楚嗎？考考大家，「我在希平方文法教室裡」要用哪一個介系詞呢？✨✨✨（by #學海無編）#以下開放搶答 #等等呢我在繽紛樂 #專欄教學,shared_story,https://www.hopenglish.com/10-places-to-travel-in-2016-2,in、at、on 總是搞不懂？一次告訴你！,3,272,136,3/8/2016 3:29,
61,post,看YouTube輕鬆學英文 - 希平方(111103359011041),http://www.facebook.com/111103359011041_906266512828051,10:50:01 PM,link,111103359011041_906266512828051,【旅遊英文】出國旅遊時，要點餐卻只能比手畫腳嗎？如果很餓想要薯條加大要怎麼說呢？🍟🍟🍟如何點餐一次教給你！(by #學海無編)#說到點餐肚子又餓了 #薯條怎麼能不加大呢 #專欄教學,shared_story,https://www.hopenglish.com/4-ways-to-order-at-a-restaurant-2,如何用英文點餐？4種簡單句型教給你！,1,250,94,3/20/2016 17:16,
60,post,看YouTube輕鬆學英文 - 希平方(111103359011041),http://www.facebook.com/111103359011041_907761132678589,9:20:00 AM,photo,111103359011041_907761132678589,各位學英文的朋友早安：)「換言之、也就是說」- In Other Words↓https://www.hopenglish.com/in-other-words-6關注希平方，天天學到超實用片語！,added_photos,https://www.facebook.com/youtubelearn/photos/a.139240742863969.26508.111103359011041/907761132678589/?type=3,Timeline Photos,1,235,25,3/21/2016 16:14,
17,post,看YouTube輕鬆學英文 - 希平方(111103359011041),http://www.facebook.com/111103359011041_916787661775936,10:35:36 AM,video,111103359011041_916787661775936,好真實的開賽秀啊！,shared_story,https://www.facebook.com/1424927337811617/videos/1529279334043083/,Omg Lmfao Lol Wtf Videos,2,218,,3/28/2016 14:57,
67,post,看YouTube輕鬆學英文 - 希平方(111103359011041),http://www.facebook.com/111103359011041_908008202653882,7:58:00 PM,link,111103359011041_908008202653882,【職場英文】寫履歷時還在用 Times New Roman 字體嗎？小心，面試官可能會以為你是 ________ 的人喔！(by #希小編 )#避開5大地雷字體 #職場無往不利 #精選影片,shared_story,https://www.hopenglish.com/how-to-know-the-fonts-to-never-use,「想給人好印象？絕對別用這五種字體」- How to Know the Fonts to Never Use,0,202,82,3/18/2016 19:58,
44,post,看YouTube輕鬆學英文 - 希平方(111103359011041),http://www.facebook.com/111103359011041_911651652289537,9:20:01 AM,photo,111103359011041_911651652289537,各位學英文的朋友早安：)「簡而言之、總之」- In Short↓https://www.hopenglish.com/in-short-2關注希平方，天天學到超實用片語！,added_photos,https://www.facebook.com/youtubelearn/photos/a.139240742863969.26508.111103359011041/911651652289537/?type=3,Timeline Photos,2,199,20,3/24/2016 9:15,
86,post,看YouTube輕鬆學英文 - 希平方(111103359011041),http://www.facebook.com/111103359011041_904638199657549,12:20:00 PM,photo,111103359011041_904638199657549,大量使用片語才是老外真正的說話方式↓「較量、接受(挑戰)」- Take On↓https://www.hopenglish.com/take-on-5關注希平方，天天學到超實用片語！,added_photos,https://www.facebook.com/youtubelearn/photos/a.139240742863969.26508.111103359011041/904638199657549/?type=3,Timeline Photos,3,193,18,3/15/2016 19:41,
111,post,看YouTube輕鬆學英文 - 希平方(111103359011041),http://www.facebook.com/111103359011041_897149323739770,10:50:00 PM,link,111103359011041_897149323739770,_x0008_【希平方英文學堂】小編今天來考考大家，「九分之四」的英文要怎麼說呢？(...by #希小編)#那四分之一呢 #二分之一也會嗎 #專欄教學★設定搶先看，讓英文持續攻其不背★快一起來看看解答吧↓↓↓,shared_story,https://www.hopenglish.com/daylight-saving-time-explaine,數字人人會說，但幾分之幾你知道怎麼表達嗎？,0,181,53,3/9/2016 0:13,
22,post,看YouTube輕鬆學英文 - 希平方(111103359011041),http://www.facebook.com/111103359011041_913875265400509,12:20:01 PM,photo,111103359011041_913875265400509,大量使用片語才是老外真正的說話方式↓「簡而言之」- Put Simply↓https://www.hopenglish.com/put-simply關注希平方，天天學到超實用片語！,added_photos,https://www.facebook.com/youtubelearn/photos/a.139240742863969.26508.111103359011041/913875265400509/?type=3,Timeline Photos,1,178,19,3/28/2016 15:29,
142,post,看YouTube輕鬆學英文 - 希平方(111103359011041),http://www.facebook.com/111103359011041_897123193742383,9:20:01 AM,photo,111103359011041_897123193742383,各位學英文的朋友早安：)「要求某人履行某事」- Hold One To Something↓https://www.hopenglish.com/hold-one-to-something關注希平方，天天學到超實用片語！,added_photos,https://www.facebook.com/youtubelearn/photos/a.139240742863969.26508.111103359011041/897123193742383/?type=3,Timeline Photos,1,175,17,3/4/2016 11:59,
14,post,看YouTube輕鬆學英文 - 希平方(111103359011041),http://www.facebook.com/111103359011041_917301515057884,11:26:54 PM,link,111103359011041_917301515057884,今天相信很多粉絲和小編一樣心情都很低落 😢😢 ，甚至是憤怒又無奈的感覺！同樣都是安慰，你付出的是「同理心」還是「同情心」？同理心能激發人與人之間的情感連結，但同情心卻只會讓雙方更加疏遠。(by #安小編) #這社會病了酸了覺得心好痛 #專欄教學,shared_story,https://www.hopenglish.com/empathy,【實用英文】同情心還是同理心？,2,174,19,3/28/2016 23:26,
118,post,看YouTube輕鬆學英文 - 希平方(111103359011041),http://www.facebook.com/111103359011041_900070703447632,12:20:00 PM,photo,111103359011041_900070703447632,大量使用片語才是老外真正的說話方式↓「直接從可靠來源得來的」- Straight From The Horse's Mouth↓https://www.hopenglish.com/straight-from-the-horses-mouth關注希平方，天天學到超實用片語！,added_photos,https://www.facebook.com/youtubelearn/photos/a.139240742863969.26508.111103359011041/900070703447632/?type=3,Timeline Photos,2,172,17,3/10/2016 9:33,
29,post,看YouTube輕鬆學英文 - 希平方(111103359011041),http://www.facebook.com/111103359011041_911693935618642,10:50:00 PM,link,111103359011041_911693935618642,【希平方英文學堂】還記得有一次出國 #希小編 有機會到一家高級餐廳用餐，結果看著菜單卻不知道從何點起，瞬間好想找個地洞鑽下去....如果當時知道這些用詞，就不怕出糗啦！  B|  B|  B| #套餐英文是什麼 #單點英文又是什麼 #混合套餐呢 #專欄教學★設定搶先看，讓英文持續攻其不背★快一起來看看解答吧↓↓↓,shared_story,https://www.hopenglish.com/tims-place-where-breakfast-lunch-and-hugs-are-served-2,國外用餐好麻煩？一次看懂英文菜單！,0,168,64,3/25/2016 22:50,
59,post,看YouTube輕鬆學英文 - 希平方(111103359011041),http://www.facebook.com/111103359011041_907763856011650,12:20:01 PM,photo,111103359011041_907763856011650,大量使用片語才是老外真正的說話方式↓「不再」- No Longer↓https://www.hopenglish.com/no-longer-7關注希平方，天天學到超實用片語！,added_photos,https://www.facebook.com/youtubelearn/photos/a.139240742863969.26508.111103359011041/907763856011650/?type=3,Timeline Photos,2,165,14,3/21/2016 16:01,
32,post,看YouTube輕鬆學英文 - 希平方(111103359011041),http://www.facebook.com/111103359011041_911810398940329,9:20:01 AM,photo,111103359011041_911810398940329,各位學英文的朋友早安：)「每一個」- Every Last↓https://www.hopenglish.com/every-last和 every 意思相同，但想要更加強語氣時就可以用 every last 喔～,added_photos,https://www.facebook.com/youtubelearn/photos/a.139240742863969.26508.111103359011041/911810398940329/?type=3,Timeline Photos,1,154,20,3/28/2016 15:31,
102,post,看YouTube輕鬆學英文 - 希平方(111103359011041),http://www.facebook.com/111103359011041_901976569923712,10:50:00 PM,link,111103359011041_901976569923712,【生活英文】廚房用具英文又快到吃宵夜的時間了！有人像小編一樣默默往廚房移動了嗎？😼😼😼粉絲可以告訴小編煮泡麵要用 pan 還是 pot 呢？（by #學海無編）#一日五餐 #宵夜吃泡麵最好 #以下開放搶答 #專欄教學,shared_story,https://www.hopenglish.com/new-years-eve-party-food-ideas-2,廚房用具大解密！鍋碗瓢盆的英文怎麼說呢？,0,154,77,3/10/2016 22:50,
88,post,看YouTube輕鬆學英文 - 希平方(111103359011041),http://www.facebook.com/111103359011041_901359696652066,10:50:00 PM,link,111103359011041_901359696652066,【希平方英文學堂】每到週末就是要來考考粉絲們的時候啦！你知道Hotel與Hostel的區別嗎？知道？那.......膠囊旅館呢？(...by #蓋小編)#上網訂房時一定要注意看清楚 #才不會訂錯房 #專欄教學★設定搶先看，讓英文持續攻其不背★快一起來看看解答吧↓↓↓,shared_story,https://www.hopenglish.com/how-to-airbnb-2,出國訂房不用怕！飯店類型大集合,0,146,35,3/13/2016 22:50,
79,post,看YouTube輕鬆學英文 - 希平方(111103359011041),http://www.facebook.com/111103359011041_904810076307028,10:50:14 PM,link,111103359011041_904810076307028,【時事英文】最近天氣實在是多變化~ ☔☔☔大家要小心不要感冒啦！粉絲們知道在氣候變遷的影響之下，有什麼議題是需要大家一起去關心的嗎？一起來看看吧！ （by #學海無編）#小編好討厭下雨 #今年冬天實在太冷啦 #關心地球人人有責 #專欄教學,shared_story,https://www.hopenglish.com/leonardo-dicaprios-winning-speech-for-best-actor-oscar-2,大家都在關心這個！不可不知的氣候變遷議題,1,145,40,3/16/2016 13:00,
145,post,看YouTube輕鬆學英文 - 希平方(111103359011041),http://www.facebook.com/111103359011041_896720170449352,7:59:00 PM,link,111103359011041_896720170449352,【時事英文】已經和小金人錯過五次的李奧納多~終於得到小金人啦！！！ 不過他的得獎感言讓 #安小編 太感動了~新科影帝的格局果然不一樣！😍😍 #回家竟然發現陀螺還在轉 #小金人 #神鬼獵人 #全世界都期待他得獎 #精選影片,shared_story,https://www.hopenglish.com/leonardo-dicaprios-winning-speech-for-best-actor-oscar,「終於等到這一刻！李奧納多 2016 奧斯卡得獎感言」- Leonardo DiCaprio's Winning Speech for Best Actor,0,143,30,3/1/2016 21:04,
52,post,看YouTube輕鬆學英文 - 希平方(111103359011041),http://www.facebook.com/111103359011041_910206515767384,10:50:00 PM,link,111103359011041_910206515767384,【實用英文】週一動起來！以下開放搶答🙋🙋🙋Everyone in the office seems so ____________ on Monday.（辦公室裡的每個人在星期一看起來都好沮喪）1. Depressed 2. Gloomy 3. Anxious 4. Frightened快點進來找答案⬇⬇⬇⬇⬇(by #學海無編） #專欄教學,shared_story,https://www.hopenglish.com/facebook-finally-has-emoji-reactions-2,翻臉比翻書快！學會表達你的各種情緒,4,141,63,3/23/2016 9:26,
98,post,看YouTube輕鬆學英文 - 希平方(111103359011041),http://www.facebook.com/111103359011041_901950919926277,10:50:00 PM,link,111103359011041_901950919926277,【希平方英文學堂】今天 #希小編 要來問問各位粉絲，BFF是什麼的縮寫呢？你以為是Boyfriend嗎？那就大錯特錯啦！#有一次差點誤會 #不是交男朋友了別緊張 #專欄教學★設定搶先看，讓英文持續攻其不背★快一起來看看解答吧↓↓↓,shared_story,https://www.hopenglish.com/types-of-relatives-2,朋友除了 Friend 還可以怎麼說？,0,140,41,3/11/2016 22:50,
140,post,看YouTube輕鬆學英文 - 希平方(111103359011041),http://www.facebook.com/111103359011041_897310110390358,7:58:00 PM,link,111103359011041_897310110390358,【希平方文法殿堂】動詞+名詞=動名詞!?這樣是對的嗎？小編剛開始學英文的時候常容易搞混呢！快跟緊我們的腳步一起輕鬆認識動名詞吧！ 😎😎😎 (...by #法力無編)#輕鬆六步驟 #搞懂動名詞 #超詳細講解 #精選影片★設定搶先看，讓英文持續攻其不背★快一起來看看解答吧↓↓↓,shared_story,https://www.hopenglish.com/6-ways-to-use-gerunds,「文法好簡單：動名詞這樣用就對了！」- 6 Ways to Use Gerunds,1,140,60,3/4/2016 18:02,
89,post,看YouTube輕鬆學英文 - 希平方(111103359011041),http://www.facebook.com/111103359011041_901809056607130,7:58:01 PM,link,111103359011041_901809056607130,【希平方文法殿堂】及物動詞？不及物動詞？你知道如何辨別這兩者的差異嗎？(...by #蓋小編)#文法輕鬆一把罩 #文法殿堂讓你更上一層樓 #精選影片★設定搶先看，讓英文持續攻其不背★快一起來看看解答吧↓↓↓,shared_story,https://www.hopenglish.com/transitive-and-intransitive-verbs,「文法好簡單！及物動詞、不及物動詞怎麼分？」- Transitive and Intransitive Verbs,1,136,57,3/13/2016 22:24,
66,post,看YouTube輕鬆學英文 - 希平方(111103359011041),http://www.facebook.com/111103359011041_906254436162592,10:50:01 PM,link,111103359011041_906254436162592,【希平方英文學堂】今天 #希小編 在迎接週末前的夜晚要來考考各位粉絲啦！又長又粗又像棍子的法國麵包要怎麼說？France Bread? French Toast?以上都是錯誤的說法唷！( ´ ▽ ` )ﾉ#FrenchToast是法國吐司 #那法國麵包呢 #專欄教學★設定搶先看，讓英文持續攻其不背★快一起來看看解答吧↓↓↓,shared_story,https://www.hopenglish.com/white-bread-vs-brown-bread-which-is-better-for-you-2,會吃但會說嗎？麵包種類知多少！,0,129,51,3/18/2016 22:50,
39,post,看YouTube輕鬆學英文 - 希平方(111103359011041),http://www.facebook.com/111103359011041_912638485524187,3:00:00 AM,link,111103359011041_912638485524187,,,https://www.facebook.com/111103359011041/posts/912638485524187/,粉絲人數破36萬！！,0,125,1,3/24/2016 3:00,
120,post,看YouTube輕鬆學英文 - 希平方(111103359011041),http://www.facebook.com/111103359011041_897745913680111,10:50:00 PM,link,111103359011041_897745913680111,【希平方英文學堂】雖然今天是週末日，但 #蓋小編 還是要來考考各位粉絲啦！「小」的英文要怎麼說？Small，是不是很簡單！那...超級無敵世界霹靂瘋狂又難以置信的小要怎麼說呢？Σ（ﾟдﾟlll）#真的有比small還要small的英文說法 #你一定不知道 #專欄教學★設定搶先看，讓英文持續攻其不背★快一起來看看解答吧↓↓↓,shared_story,https://www.hopenglish.com/how-to-make-minions-3,比小還要小？真的有這個單字！,0,114,25,3/6/2016 22:50,
30,post,看YouTube輕鬆學英文 - 希平方(111103359011041),http://www.facebook.com/111103359011041_913955438725825,7:58:00 PM,link,111103359011041_913955438725825,【咖啡英文】最近一直下雨，小編都要發霉了~ 😰😰 來喝杯熱騰騰的咖啡吧！(by #希小編)#不要再下雨啦 #喝咖啡學英文 #精選影片,shared_story,https://www.hopenglish.com/worlds-youngest-barista,「超萌小小咖啡師」- World's Youngest Barista,0,113,14,3/25/2016 19:58,
70,post,看YouTube輕鬆學英文 - 希平方(111103359011041),http://www.facebook.com/111103359011041_907136849407684,10:50:01 PM,link,111103359011041_907136849407684,【實用英文單字】一天到晚都聽到有人在說「不准這個」、「不准那個」，那「不准」或「不允許」到底要用哪個單字呢？小編絕對不會告訴你答案就在圖片裡的👇👇👇(by #學海無編)#專欄教學,shared_story,https://www.hopenglish.com/maria-sharapova-fails-drug-test-2,禁止除了 Don’t 還能怎麼說呢？,2,112,35,3/18/2016 22:35,
107,post,看YouTube輕鬆學英文 - 希平方(111103359011041),http://www.facebook.com/111103359011041_901368206651215,10:50:00 PM,link,111103359011041_901368206651215,【希平方英文學堂】上次「小」的說法反應熱烈，小編今天趕緊再來考考大家：「大」的英文，除了Big、Large、Huge以外，如果要形容「大到無法置信又可怕的大」，要怎麼說呢？( ´ ▽ ` )ﾉ (...by #法力無編)#這篇實用性爆表 #告別單調BIG用法 #專欄教學★設定搶先看，讓英文持續攻其不背★快一起來看看解答吧↓↓↓,shared_story,https://www.hopenglish.com/naked-science-massive-solar-storms-2,比大還要更大！真的有這個字！,0,112,29,3/9/2016 22:50,
65,post,看YouTube輕鬆學英文 - 希平方(111103359011041),http://www.facebook.com/111103359011041_907760096012026,9:20:00 AM,photo,111103359011041_907760096012026,各位學英文的朋友早安：)「許多、大量」- Tons Of↓https://www.hopenglish.com/tons-of關注希平方，天天學到超實用片語！,added_photos,https://www.facebook.com/youtubelearn/photos/a.139240742863969.26508.111103359011041/907760096012026/?type=3,Timeline Photos,1,108,14,3/21/2016 16:15,
75,post,看YouTube輕鬆學英文 - 希平方(111103359011041),http://www.facebook.com/111103359011041_906034156184620,10:50:00 PM,link,111103359011041_906034156184620,【希平方英文學堂】Watch out! Watch out!什麼？是看哪裡的意思嗎？別誤會免得出糗啦！小編今天來考考各位，小心除了Be careful外，還能怎麼說呢？(...by #法力無編)#英文說法知多少 #小心 #注意 #專欄教學★設定搶先看，讓英文持續攻其不背★快一起來看看解答吧↓↓↓,shared_story,https://www.hopenglish.com/emergency-spare-key-2,小心！小心駛得萬年船！,0,104,31,3/16/2016 22:50,
143,post,看YouTube輕鬆學英文 - 希平方(111103359011041),http://www.facebook.com/111103359011041_896729030448466,10:50:00 PM,link,111103359011041_896729030448466,【英文俚語】相信大家都知道 pig 這個單字，但你說的出來幾個 pig 的英文俚語呢？😤😤 (by #安小編)#沒那麼簡單 #英文俚語系列 #專欄教學,shared_story,https://www.hopenglish.com/pig-idioms-2,看影片學小豬俚語,0,103,30,3/1/2016 22:50,
85,post,看YouTube輕鬆學英文 - 希平方(111103359011041),http://www.facebook.com/111103359011041_904809096307126,7:58:00 PM,link,111103359011041_904809096307126,【生活哲理】雖然小編很敗家常亂花錢，但如果把錢花在買一本好書或是一次旅遊，往往事後不會覺得那麼心疼，因為買到的回憶跟閱歷會陪著我一輩子，所以覺得很划算😏😏😏粉絲們覺得呢？（by #學海無編）#藍色星期一就是要來點哲理 #錢要花在刀口上 #精選影片,shared_story,https://www.hopenglish.com/spend-money-on-experiences-not-things,「快樂人生的關鍵：把錢投資在『閱歷』上」- Spend Money on Experiences Not Things,1,94,15,3/15/2016 9:08,
12,post,看YouTube輕鬆學英文 - 希平方(111103359011041),http://www.facebook.com/111103359011041_917875045000531,12:20:00 PM,photo,111103359011041_917875045000531,大量使用片語才是老外真正的說話方式↓「首先、作為開頭」- For Starters↓https://www.hopenglish.com/for-starters-2關注希平方，天天學到超實用片語！,added_photos,https://www.facebook.com/youtubelearn/photos/a.139240742863969.26508.111103359011041/917875045000531/?type=3,Timeline Photos,1,90,13,3/30/2016 12:03,
76,post,看YouTube輕鬆學英文 - 希平方(111103359011041),http://www.facebook.com/111103359011041_906219242832778,7:58:00 PM,link,111103359011041_906219242832778,【希平方常識殿堂】「土壤液化」最近每天博得新聞版面，尤其昨天開放民眾可以線上查詢自己居住的地方是否屬於液化區。今天小編要來分享相關資訊，讓各位粉絲在學習英文的同時也可以補充常識唷！(...by #法力無編)#英文與常識一舉兩得 #土壤液化 #知多少 #精選影片★設定搶先看，讓英文持續攻其不背★快一起來補充常識吧↓↓↓,shared_story,https://www.hopenglish.com/what-happened-to-this-car,「兩分鐘動畫帶你了解『土壤液化』」- 你住的安全嗎？,0,88,31,3/16/2016 19:58,
93,post,看YouTube輕鬆學英文 - 希平方(111103359011041),http://www.facebook.com/111103359011041_901413796646656,10:50:01 PM,link,111103359011041_901413796646656,【實用生活英文】假日你出去玩了嗎？在美國生活過的朋友常跟小編說，在美國沒有車就跟沒有腳一樣，所以租車在美國是非常常見的噢！學會租車會話，就可以通行無阻！🚗🚗🚗（#by學海無編）#租車時要有禮貌 #美國好大好大 #專欄教學,shared_story,https://www.hopenglish.com/daniel-craig-reveals-a-mind-blowing-scene-from-spectre-2,看搞笑 007 影片學租車會話,0,88,27,3/12/2016 22:50,
33,post,看YouTube輕鬆學英文 - 希平方(111103359011041),http://www.facebook.com/111103359011041_912965532158149,10:50:00 PM,link,111103359011041_912965532158149,【生活英文】大家是不是都跟小編一樣，小時候想趕快長大，長大後又想變回小孩呢？👶👶👶來分享一下大家目前都在人生中的哪個階段呢？（by #學海無編）#專欄教學,shared_story,https://www.hopenglish.com/celebrate-the-changes-2?ref=category,嬰兒/青少年/成年/老人？人生各階段英文,0,87,38,3/24/2016 22:50,
40,post,看YouTube輕鬆學英文 - 希平方(111103359011041),http://www.facebook.com/111103359011041_911687228952646,10:50:00 PM,link,111103359011041_911687228952646,"【希平方英文學堂】今天除了教大家常見感冒如何說以外，還要要來考考粉絲們，在國外常常會聽到有人說：""Catch a bug""你知道是什麼意思嗎？可不是抓到一隻蟲的意思喔！(￣▽￣)  (...by #法力無編)#I_have_a_cold不足以形容 #內有模擬對話 #專欄教序★設定搶先看，讓英文持續攻其不背★快一起來看看解答吧↓↓↓",shared_story,https://www.hopenglish.com/how-to-prevent-the-flu-2,常見感冒大集合！,0,86,23,3/23/2016 22:50,
82,post,看YouTube輕鬆學英文 - 希平方(111103359011041),http://www.facebook.com/111103359011041_905385839582785,12:20:01 PM,photo,111103359011041_905385839582785,大量使用片語才是老外真正的說話方式↓「創造、建立」- Carve Out↓https://www.hopenglish.com/carve-out關注希平方，天天學到超實用片語！,added_photos,https://www.facebook.com/youtubelearn/photos/a.139240742863969.26508.111103359011041/905385839582785/?type=3,Timeline Photos,3,86,17,3/17/2016 22:12,
81,post,看YouTube輕鬆學英文 - 希平方(111103359011041),http://www.facebook.com/111103359011041_905514406236595,7:58:00 PM,link,111103359011041_905514406236595,【唱歌學英文】一首歌教會小朋友英文和怎樣遠離病菌！😌😌  這首歌旋律超洗腦~聽完後一輩子不會忘記 germ 這個單字！(by #希小編)#姐教你遠離流感 #流感 #精選影片,shared_story,https://www.hopenglish.com/how-to-prevent-the-flu,「病菌歌教你遠離流感」- How To Prevent The Flu,1,85,19,3/16/2016 8:45,
27,post,看YouTube輕鬆學英文 - 希平方(111103359011041),http://www.facebook.com/111103359011041_913873775400658,12:20:01 PM,photo,111103359011041_913873775400658,大量使用片語才是老外真正的說話方式↓「可以說、可謂」- So To Speak↓https://www.hopenglish.com/so-to-speak關注希平方，天天學到超實用片語！,added_photos,https://www.facebook.com/youtubelearn/photos/a.139240742863969.26508.111103359011041/913873775400658/?type=3,Timeline Photos,1,83,15,3/28/2016 15:30,
19,post,看YouTube輕鬆學英文 - 希平方(111103359011041),http://www.facebook.com/111103359011041_911698825618153,10:50:01 PM,link,111103359011041_911698825618153,"【希平方職場撇步】常常聽到面試最重要的是要學會如何""Break the ice""破冰破冰，那你知道要怎麼破冰嗎？快跟著我們的腳步來看看如何搖身成為面試達人吧！(...by #蓋小編)#面試簡單七撇步 #面試輕鬆一把罩 #專欄教學★設定搶先看，讓英文持續攻其不背★快一起來看看這些撇步吧↓↓↓",shared_story,https://www.hopenglish.com/how-to-calm-job-interview-nerves-2,面試前好焦慮，該怎麼辦？,0,81,35,3/27/2016 22:50,
47,post,看YouTube輕鬆學英文 - 希平方(111103359011041),http://www.facebook.com/111103359011041_910208335767202,10:50:00 PM,link,111103359011041_910208335767202,【玩桌遊學英文】週二輕鬆一下～粉絲們知道平常玩的撲克牌遊戲「大老二」的英文是什麼嗎？該不會真的是Big Two 吧！？♠♠♠ (by #學海無編）#專欄教學,shared_story,https://www.hopenglish.com/google-software-defeats-human-go-champion-2,會玩也要會說！桌遊種類英文,0,81,37,3/22/2016 22:50,
116,post,看YouTube輕鬆學英文 - 希平方(111103359011041),http://www.facebook.com/111103359011041_900177360103633,10:50:00 PM,link,111103359011041_900177360103633,【趣味英文】考考粉絲們 ! 有人知道Tank 除了坦克和一個歌手的名字這兩個意思之外，還能代表什麼嗎 ? 😂😂😂雙關語的妙用，一次教給你 ! (by #學海無編)#不小心洩漏年紀了 #學會雙關語真的可以變幽默喔 #專欄教學,shared_story,https://www.hopenglish.com/its-delivery-and-its-gummy-2,雙關語讓你更懂外國人的幽默！,1,79,23,3/8/2016 14:04,
103,post,看YouTube輕鬆學英文 - 希平方(111103359011041),http://www.facebook.com/111103359011041_900619956726040,9:30:00 PM,link,111103359011041_900619956726040,📣【學員心得分享】📣我現在是國中生，起初媽媽建議要上這個課程時，看到標榜「學單字不用背!」我實在很不相信，哪可能不用背就可以有豐富的單字量? 剛開始也因為沒有密集上課，覺得也沒什麼，只是個普通的自學網站。直到決定要去加拿大留學，為了快速增加英語能力，我開始每天上一堂到兩堂課，發現標榜真的沒騙我! 課程中運用不斷練習的方式讓我不知不覺得記得這些單字! 好神奇~😄#喜歡就按讚👍 #認同請分享💪►持續攻其不背，讓你英文不再弱弱(low low)的！ ✨ ✨ ✨,shared_story,http://andy13579246810.pixnet.net/blog/post/42762435,攻其不背學習心得 @ 衡鞍的部落格 :: 痞客邦 PIXNET ::,10,77,11,3/21/2016 14:50,
108,post,看YouTube輕鬆學英文 - 希平方(111103359011041),http://www.facebook.com/111103359011041_901389276649108,7:58:00 PM,link,111103359011041_901389276649108,【希平方常識補給站】大家都在說白麵包不好，白麵包傷身，白麵包一定有問題！但你知道為什麼嗎？不管怎麼樣...小編我就是難以忘懷白麵包的美味呀！(...by #法力無編)#白麵包超香超好吃 #全麥麵包無色無味 #真的是這樣嗎 #精選影片★設定搶先看，讓英文持續攻其不背★快一起來看看解答吧↓↓↓,shared_story,https://www.hopenglish.com/white-bread-vs-brown-bread-which-is-better-for-you,「白麵包好還是全麥麵包好？」- White Bread vs. Brown Bread - Which Is Better for You?,0,76,17,3/9/2016 19:58,
72,post,看YouTube輕鬆學英文 - 希平方(111103359011041),http://www.facebook.com/111103359011041_907135406074495,7:58:00 PM,link,111103359011041_907135406074495,【超萌影片】粉絲們猜猜看這個小男孩做了什麼，讓台下的觀眾瘋狂為他鼓掌呢？👏👏👏實在太厲害了，不點進來會後悔喔🎶🎶🎶(by #學海無編)#精選影片,shared_story,https://www.hopenglish.com/evan-le-plays-the-piano,「4 歲小男孩做了什麼讓全場震驚！？」,1,75,19,3/21/2016 0:03,
125,post,看YouTube輕鬆學英文 - 希平方(111103359011041),http://www.facebook.com/111103359011041_894328404021862,10:50:00 PM,link,111103359011041_894328404021862,★超好用的生活智慧王★粉絲們生活中是否會有以下困擾呢↓😓 吃漢堡總是吃得髒兮兮der…😱 家裡一堆果蠅好難抓喔…😭 天啊~家裡爬滿螞蟻該怎麼請牠們搬家呀?今天 #方小編 要告訴大家10個生活小撇步，以上困擾通通消失唷!!!快看快看↓↓#看完這篇生活白癡也有救 #生活智慧王 #專欄教學,shared_story,https://www.hopenglish.com/summerhacks,實用的十個生活小撇步,0,75,13,3/5/2016 22:50,
117,post,看YouTube輕鬆學英文 - 希平方(111103359011041),http://www.facebook.com/111103359011041_900177946770241,7:58:00 PM,link,111103359011041_900177946770241,【超感人影片】如果你可以和全世界的任何人共進晚餐，你會選誰？想好您的答案了嗎？一起來看看吧 ！ 💞💞💞 (by #學海無編)#小編看到快淚奔了 #小編最想跟學習之神吃晚餐 #精選影片,shared_story,https://www.hopenglish.com/who-would-you-most-like-to-have-dinner-with,「全世界你最想和誰吃晚餐？」- Who Would You Most Like to Have Dinner With?,0,74,9,3/7/2016 19:58,
25,post,看YouTube輕鬆學英文 - 希平方(111103359011041),http://www.facebook.com/111103359011041_912967052157997,7:50:01 PM,link,111103359011041_912967052157997,【職場必備】假日粉絲們出門逛街了嗎？血拼也要買對東西，這幾種服飾你一定要有，穿去上班更有自信！✨✨✨✨✨（by #學海無編）#精選影片,shared_story,https://www.hopenglish.com/casual-office-outfits,「在辦公室也要有個人風格！5種超好看穿搭」- Casual Office Outfits,0,70,13,3/26/2016 19:50,
28,post,看YouTube輕鬆學英文 - 希平方(111103359011041),http://www.facebook.com/111103359011041_913871202067582,9:20:01 AM,photo,111103359011041_913871202067582,各位學英文的朋友早安：)「順路造訪」- Stop By↓https://www.hopenglish.com/stop-by-4類似的片語還有 come by 和 swing by 喔！,added_photos,https://www.facebook.com/youtubelearn/photos/a.139240742863969.26508.111103359011041/913871202067582/?type=3,Timeline Photos,1,67,11,3/28/2016 15:31,
94,post,看YouTube輕鬆學英文 - 希平方(111103359011041),http://www.facebook.com/111103359011041_901980973256605,7:58:00 PM,link,111103359011041_901980973256605,【動手DIY】覺得一整面牆空著很單調嗎？只要四個步驟和一些簡單的工具，就可以用獨一無二的照片裝飾出完美的回憶牆囉！（by #學海無編）#自己動手做比較有成就感 #假日就是要DIY不然要幹嘛 #精選影片,shared_story,https://www.hopenglish.com/how-to-create-a-memory-wall-pottery-barn,「回憶牆 DIY，讓家更溫馨！」- How to Create a Memory Wall | Pottery Barn,1,67,13,3/12/2016 23:44,
15,post,看YouTube輕鬆學英文 - 希平方(111103359011041),http://www.facebook.com/111103359011041_917034048417964,7:58:00 PM,link,111103359011041_917034048417964,【約會英文】當宅宅遇上火辣正妹？怕做了很多蠢事嗎？ 😌😌  第一次約會你可以用的英文全都在這部影片中，快來學學！( by #安小編 )#第一次約會就上手 #約會白目行為 #精選影片,shared_story,https://www.hopenglish.com/funny-love-story,「腦筋急轉彎成人版？《約會行不行》」- Funny Love Story,0,66,17,3/28/2016 19:58,
124,post,看YouTube輕鬆學英文 - 希平方(111103359011041),http://www.facebook.com/111103359011041_898414440279925,9:20:00 AM,photo,111103359011041_898414440279925,各位學英文的朋友早安：)「不知道」- Have No Idea↓https://www.hopenglish.com/have-no-idea-5關注希平方，天天學到超實用片語！,added_photos,https://www.facebook.com/youtubelearn/photos/a.139240742863969.26508.111103359011041/898414440279925/?type=3,Timeline Photos,1,66,5,3/7/2016 9:05,
136,post,看YouTube輕鬆學英文 - 希平方(111103359011041),http://www.facebook.com/111103359011041_897876620333707,7:58:00 PM,link,111103359011041_897876620333707,【實用生活知識】看完影片之後，小編下定決心以後吃飯的時候一定要隨身攜帶蒼、蠅、拍！😖😖😖（by #學海無編） #只停3秒可以吃嗎 #不乾不淨吃了沒病 #精選影片,shared_story,https://www.hopenglish.com/the-gross-truth-about-flies-in-your-food,「關於蒼蠅，你不可不知的真相」- The Gross Truth about Flies in Your Food,0,66,15,3/3/2016 19:58,
139,post,看YouTube輕鬆學英文 - 希平方(111103359011041),http://www.facebook.com/111103359011041_897174887070547,10:50:00 PM,link,111103359011041_897174887070547,【希平方英文學堂】前幾天勇士隊 Stephen Curry 與雷霆一戰，最後一顆大號絕殺三分球真的超精彩的！但你知道咖哩哥是打哪個位置的嗎？一號位？二號位？還是PG？又還是SG？(...by #法力無編)#咖哩哥的籃框跟海一樣大 #怎麼投怎麼進 #專欄教學★設定搶先看，讓英文持續攻其不背★快一起來看看解答吧↓↓↓,shared_story,https://www.hopenglish.com/kobe-announces-retirement-in-poem-on-players-tribune-2-2,籃球代號大補帖，想看懂現場轉播一定要學會！,0,63,25,3/2/2016 23:45,
6,post,看YouTube輕鬆學英文 - 希平方(111103359011041),http://www.facebook.com/111103359011041_918734661581236,10:50:00 PM,link,111103359011041_918734661581236,"【希平方英文殿堂】考考各位粉絲，除了 ""I don't agree with you"" 以外，還能怎麼表達你的不認同呢？ (...by #法力無編)#生動的口語表達 #讓你的英文更道地 #專欄教學★設定搶先看，讓英文持續攻其不背★快一起來看看吧↓↓↓",shared_story,https://www.hopenglish.com/how-to-know-the-fonts-to-never-use-2,不認同，很糟糕？你可以這麼表達！,1,62,10,4/1/2016 9:38,
96,post,看YouTube輕鬆學英文 - 希平方(111103359011041),http://www.facebook.com/111103359011041_903236783131024,12:20:00 PM,photo,111103359011041_903236783131024,大量使用片語才是老外真正的說話方式↓「考慮、斟酌」- Take Into Account↓https://www.hopenglish.com/take-into-account-3關注希平方，天天學到超實用片語！,added_photos,https://www.facebook.com/youtubelearn/photos/a.139240742863969.26508.111103359011041/903236783131024/?type=3,Timeline Photos,1,61,4,3/15/2016 14:03,
104,post,看YouTube輕鬆學英文 - 希平方(111103359011041),http://www.facebook.com/111103359011041_901975579923811,7:58:00 PM,link,111103359011041_901975579923811,【最新時事】這幾天爆出知名網球選手莎拉波娃被測出服用禁藥，這件事粉絲們有follow到嗎？小編知道後好震驚啊！😳😳😳大家快來聽聽熱騰騰的莎娃本人現身說法！（by #學海無編）#所以說收信很重要 #真相永遠只有一個 #精選影片,shared_story,https://www.hopenglish.com/maria-sharapova-fails-drug-test,「禁藥風波將引退？莎拉波娃這樣回應」- Maria Sharapova Fails Drug Test,0,60,19,3/10/2016 19:58,
123,post,看YouTube輕鬆學英文 - 希平方(111103359011041),http://www.facebook.com/111103359011041_898414576946578,12:20:00 PM,photo,111103359011041_898414576946578,大量使用片語才是老外真正的說話方式↓「處理」- Take Care Of↓https://www.hopenglish.com/take-care-of-4關注希平方，天天學到超實用片語！,added_photos,https://www.facebook.com/youtubelearn/photos/a.139240742863969.26508.111103359011041/898414576946578/?type=3,Timeline Photos,2,60,3,3/7/2016 9:05,
56,post,看YouTube輕鬆學英文 - 希平方(111103359011041),http://www.facebook.com/111103359011041_906045652850137,10:50:00 PM,link,111103359011041_906045652850137,"【希平方趣味測驗】看趣味影片也可以學英文！#蓋小編 今天要來問問各位，你知道我們常說的「盲點」，英文要怎麼說嗎？別跟我說是 ""can't see""呀！∑(ﾟДﾟ)#測驗好好玩 #眼睛也會騙了你 #還能學英文 #專欄教學★設定搶先看，讓英文持續攻其不背★快一起來做做測驗吧↓↓↓",shared_story,https://www.hopenglish.com/eye-tests-that-look-like-magic-2,你夠認識你的雙眼嗎？四個神奇的眼睛小測驗,0,59,5,3/20/2016 22:50,
1,post,看YouTube輕鬆學英文 - 希平方(111103359011041),http://www.facebook.com/111103359011041_920083484779687,10:50:01 PM,link,111103359011041_920083484779687,【生活英文】今天你聽音樂了嗎🎧🎧🎧 那小編來考考大家，以下開放搶答✊✊✊I love listening to _______________ music at night.（我愛在晚上聽古典樂）1. country  2. pop 3. electronic 4. classical   (by #學海無編),shared_story,https://www.hopenglish.com/bake-it-off-2,音樂不只 Music，今天你要聽哪一種？,0,58,16,3/31/2016 22:50,
11,post,看YouTube輕鬆學英文 - 希平方(111103359011041),http://www.facebook.com/111103359011041_918068914981144,7:58:00 PM,link,111103359011041_918068914981144,死刑廢不廢？不僅台灣傷腦筋，全世界都在思考這難題。(by #希小編) #你看到蟑螂不殺先談環境整潔嗎 #精選影片,shared_story,https://www.hopenglish.com/what-if-the-death-penalty-disappeared-in-the-u-s,「看美國，思索死刑廢存議題」- What If the Death Penalty Disappeared in the U.S.?,1,56,16,3/29/2016 21:25,
26,post,看YouTube輕鬆學英文 - 希平方(111103359011041),http://www.facebook.com/111103359011041_910790122375690,4:30:00 PM,link,111103359011041_910790122375690,📣【學員心得分享】📣從小到大英文從來沒有及格過，對英文完全沒有自信，不敢開口說話，對背單字非常反感，導致找工作不順利。小時候就開始上英文補習班，但是學習過程都非常不愉快，導致有學習英文的障礙。出社會後想要增強聽及會話，也想要找效果好CP值高的學習方式，於是上網查詢網友都推薦希平方的課程，深入了解希平方的學習方式後，覺得最為方便及專業，除了在電腦上使用外，還推出手機APP，自從有手機APP後，每天利用通勤時間學習，讓我在外面也能利用空閒的時間學習英文。#喜歡就按讚👍 #認同請分享💪►持續攻其不背，讓你英文不再弱弱(low low)的！ ✨ ✨ ✨,shared_story,http://fffffoooooolll.pixnet.net/blog/post/44830143,希平方攻其不背課程 @ fffffoooooolll的部落格 :: 痞客邦 PIXNET ::,0,56,3,3/26/2016 16:30,
137,post,看YouTube輕鬆學英文 - 希平方(111103359011041),http://www.facebook.com/111103359011041_897742790347090,12:20:01 PM,photo,111103359011041_897742790347090,跟著希平方看例句學片語📝「視...為理所當然」- Take...For Granted↓https://www.hopenglish.com/take-for-granted現在你不只了解意思還會運用囉～,added_photos,https://www.facebook.com/youtubelearn/photos/a.139240742863969.26508.111103359011041/897742790347090/?type=3,Timeline Photos,2,56,4,3/4/2016 17:58,
138,post,看YouTube輕鬆學英文 - 希平方(111103359011041),http://www.facebook.com/111103359011041_897684600352909,9:20:00 AM,photo,111103359011041_897684600352909,各位學英文的朋友早安：)「(數量、比例上)占」- Account For↓https://www.hopenglish.com/account-for-2關注希平方，天天學到超實用片語！,added_photos,https://www.facebook.com/youtubelearn/photos/a.139240742863969.26508.111103359011041/897684600352909/?type=3,Timeline Photos,1,56,4,3/4/2016 11:58,
31,post,看YouTube輕鬆學英文 - 希平方(111103359011041),http://www.facebook.com/111103359011041_913719185416117,12:20:00 PM,photo,111103359011041_913719185416117,大量使用片語才是老外真正的說話方式↓「打盹、入睡」- Doze Off↓https://www.hopenglish.com/doze-off關注希平方，天天學到超實用片語！,added_photos,https://www.facebook.com/youtubelearn/photos/a.139240742863969.26508.111103359011041/913719185416117/?type=3,Timeline Photos,2,55,4,3/28/2016 15:31,
77,post,看YouTube輕鬆學英文 - 希平方(111103359011041),http://www.facebook.com/111103359011041_906123756175660,12:20:00 PM,photo,111103359011041_906123756175660,大量使用片語才是老外真正的說話方式↓「年復一年」- Year In And Year Out↓https://www.hopenglish.com/year-in-year-out那麼 day in and day out 又是什麼意思呢？大家來猜猜看 B|,added_photos,https://www.facebook.com/youtubelearn/photos/a.139240742863969.26508.111103359011041/906123756175660/?type=3,Timeline Photos,4,55,11,3/17/2016 22:09,
128,post,看YouTube輕鬆學英文 - 希平方(111103359011041),http://www.facebook.com/111103359011041_898414240279945,12:20:00 PM,photo,111103359011041_898414240279945,大量使用片語才是老外真正的說話方式↓「嘲笑」- Laugh At↓https://www.hopenglish.com/laugh-at關注希平方，天天學到超實用片語！,added_photos,https://www.facebook.com/youtubelearn/photos/a.139240742863969.26508.111103359011041/898414240279945/?type=3,Timeline Photos,1,55,6,3/7/2016 17:28,
16,post,看YouTube輕鬆學英文 - 希平方(111103359011041),http://www.facebook.com/111103359011041_916852348436134,12:20:01 PM,photo,111103359011041_916852348436134,大量使用片語才是老外真正的說話方式↓「償清債務」- Pay Off↓https://www.hopenglish.com/pay-off-2關注希平方，天天學到超實用片語！,added_photos,https://www.facebook.com/youtubelearn/photos/a.139240742863969.26508.111103359011041/916852348436134/?type=3,Timeline Photos,1,54,9,3/29/2016 9:28,
87,post,看YouTube輕鬆學英文 - 希平方(111103359011041),http://www.facebook.com/111103359011041_904562079665161,9:19:55 AM,photo,111103359011041_904562079665161,各位學英文的朋友早安：)「要求」- Call For↓https://www.hopenglish.com/call-for-3關注希平方，天天學到超實用片語！,added_photos,https://www.facebook.com/youtubelearn/photos/a.139240742863969.26508.111103359011041/904562079665161/?type=3,Timeline Photos,2,54,5,3/15/2016 19:41,
99,post,看YouTube輕鬆學英文 - 希平方(111103359011041),http://www.facebook.com/111103359011041_902602343194468,7:58:00 PM,link,111103359011041_902602343194468,【時事英文】最近當紅的新聞就是電腦似乎要取代人腦啦~~ 😱😱😱 以前圍棋界由人類稱霸...現在...電腦已經連贏2場啦！！再贏1次人類就輸了！~ 😭😭 (by #安小編)#下一位誰來挑戰 #棋王崩潰啦 #精選影片,shared_story,https://www.hopenglish.com/google-software-defeats-human-go-champion,「電腦即將取代人類？圍棋王對決 AlphaGo 連敗兩局」- Google Software Defeats Human 'Go' Champion,0,52,11,3/11/2016 20:54,
122,post,看YouTube輕鬆學英文 - 希平方(111103359011041),http://www.facebook.com/111103359011041_896563560465013,4:30:00 PM,link,111103359011041_896563560465013,📣【學員心得分享】📣記得第一堂課看到要把看到的句子打出來時，又驚訝又覺得不可能，於是我的第一堂課硬生生地花了將近2個小時才做完，不過這是督促我每天都至少要上一堂課的動力，聽不懂就一直聽。開始我會去試著聽懂每個字，最初可能重複聽上5次漸漸地減少次數，大概到15堂課的時候我發現我開始聽得懂TED的內容，不知不覺地開始用英文寫日記，和朋友聊天時會用英文打字，甚至敢自己和外國人交談，於是在30堂結束後，下定決心繼續買了120堂課，藉此鞭策自己在半年之內達到目標。#喜歡就按讚👍 #認同請分享💪►持續攻其不背，讓你英文不再弱弱(low low)的！ ✨ ✨ ✨,shared_story,http://smilefly0214.pixnet.net/blog/post/42830562,"攻其不背 About ""Hopenglish""",0,52,4,,
49,post,看YouTube輕鬆學英文 - 希平方(111103359011041),http://www.facebook.com/111103359011041_911011039020265,7:58:00 PM,link,111103359011041_911011039020265,【時事英文】果粉看過來！3/21蘋果最新發表會來啦！你知道iPhone是愈來愈大？還是愈來愈小支呢？答案就在影片中！(by #安小編)#iPhoneSE #還有夜間模式半夜滑滑不傷眼 #精選影片,shared_story,https://www.hopenglish.com/heres-everything-apple-announced-today,「3 分鐘帶你看完 Apple 發表會重點 」- Here's Everything Apple Announced Today,2,51,8,3/23/2016 21:25,
57,post,看YouTube輕鬆學英文 - 希平方(111103359011041),http://www.facebook.com/111103359011041_906079046180131,7:58:00 PM,link,111103359011041_906079046180131,【商場必備技能】不論是升學、找實習或找工作，相信各位一定會有機會碰到要寫英文推薦信的經驗相較於中文的推薦信，英文推薦信是有很多「眉角」的！別再以為中翻英就好了！(...by #蓋小編)#輕鬆寫出滿分推薦信 #馬上脫穎而出 #精選影片★設定搶先看，讓英文持續攻其不背★快一起來看看如何寫吧↓↓↓,shared_story,https://www.hopenglish.com/how-to-write-a-letter-of-recommendation,「英文推薦信怎麼寫？」- How to Write a Letter of Recommendation,0,50,26,3/20/2016 19:58,
43,post,看YouTube輕鬆學英文 - 希平方(111103359011041),http://www.facebook.com/111103359011041_911808598940509,12:20:01 PM,photo,111103359011041_911808598940509,大量使用片語才是老外真正的說話方式↓「有貨、可以買到」- Come In↓https://www.hopenglish.com/come-in-5關注希平方，天天學到超實用片語！,added_photos,https://www.facebook.com/youtubelearn/photos/a.139240742863969.26508.111103359011041/911808598940509/?type=3,Timeline Photos,2,49,4,3/25/2016 9:36,
3,post,看YouTube輕鬆學英文 - 希平方(111103359011041),http://www.facebook.com/111103359011041_920082898113079,7:58:01 PM,link,111103359011041_920082898113079,【學英文長知識】原來表情符號在不同系統間竟然會「突變」😱😱 而且看起來差很大😹😹但小編私心很喜歡Android 的那坨黃色果凍💩💩 (by #學海無編)#精選影片,shared_story,https://www.hopenglish.com/lost-in-translation,「眼見不一定為憑...表情符號也會『突變』？！」- Lost in Translation,0,48,6,3/31/2016 19:58,
131,post,看YouTube輕鬆學英文 - 希平方(111103359011041),http://www.facebook.com/111103359011041_898441153610587,7:58:01 PM,link,111103359011041_898441153610587,美國總統參選人川普爭議不斷，沒想到也在熱門美劇《權力遊戲》（Game of Thrones）中尬一角，快來看看！！究竟川普說了什麼驚人之語~~😤😤😤  (by #安小編)#我想做個好人 #百分之百認同我的才是人民 #精選影片,shared_story,https://www.hopenglish.com/winter-is-trumping,「川普不選總統跑去演《權力遊戲》了？！」- Winter Is Trumping,1,48,7,3/4/2016 23:24,
7,post,看YouTube輕鬆學英文 - 希平方(111103359011041),http://www.facebook.com/111103359011041_919056084882427,7:58:00 PM,link,111103359011041_919056084882427,【你適合哪種車】每一台車都有他獨特的個性，而你適合哪種呢？小編超喜歡C-Class的～各位呢？(...by #法力無編)#MercedesBenz #看廣告學英文 #精選影片★設定搶先看，讓英文持續攻其不背★快一起來看看吧↓↓↓,shared_story,https://www.hopenglish.com/inspiration,「Mercedes-Benz：不凡態度」- Inspiration,0,47,6,3/30/2016 19:58,
9,post,看YouTube輕鬆學英文 - 希平方(111103359011041),http://www.facebook.com/111103359011041_918714504916585,9:18:58 AM,photo,111103359011041_918714504916585,位學英文的朋友早安：)「合理、可行」- Make Sense↓https://www.hopenglish.com/make-sense-4關注希平方，天天學到超實用片語,added_photos,https://www.facebook.com/youtubelearn/photos/a.139240742863969.26508.111103359011041/918714504916585/?type=3,Timeline Photos,1,47,5,3/31/2016 14:30,
23,post,看YouTube輕鬆學英文 - 希平方(111103359011041),http://www.facebook.com/111103359011041_913876355400400,9:20:01 AM,photo,111103359011041_913876355400400,各位學英文的朋友早安：)「暫時擱置某事」- Put Something On Hold↓https://www.hopenglish.com/put-something-on-hold關注希平方，天天學到超實用片語！,added_photos,https://www.facebook.com/youtubelearn/photos/a.139240742863969.26508.111103359011041/913876355400400/?type=3,Timeline Photos,1,47,4,3/28/2016 15:30,
38,post,看YouTube輕鬆學英文 - 希平方(111103359011041),http://www.facebook.com/111103359011041_912447242209978,4:48:11 AM,status,111103359011041_912447242209978,［系統公告］系統升級完畢！歡迎大家回來上課！希平方工程團隊敬上,mobile_status_update,,,0,47,,3/24/2016 4:48,
50,post,看YouTube輕鬆學英文 - 希平方(111103359011041),http://www.facebook.com/111103359011041_910817675706268,12:20:00 PM,photo,111103359011041_910817675706268,大量使用片語才是老外真正的說話方式↓「顯眼、突出」- Stand Out↓https://www.hopenglish.com/stand-out-7關注希平方，天天學到超實用片語！,added_photos,https://www.facebook.com/youtubelearn/photos/a.139240742863969.26508.111103359011041/910817675706268/?type=3,Timeline Photos,1,47,3,3/22/2016 19:14,
53,post,看YouTube輕鬆學英文 - 希平方(111103359011041),http://www.facebook.com/111103359011041_910225889098780,7:59:00 PM,link,111103359011041_910225889098780,【趣味廣告】芝麻街超夯角色「餅乾怪獸」跨界演出蘋果 6s 最新廣告!!!快來看看Siri到底說了什麼讓餅乾怪獸氣到搥桌吧~ 😂😂😂  (by #學海無編）#烤餅乾的時候不能沒有Siri #iPhone6s  #精選影片,shared_story,https://www.hopenglish.com/iphone-6s-timer,「iPhone 6s 廣告：餅乾怪獸出一張嘴篇」- iPhone 6s: Timer,0,47,4,3/21/2016 20:55,
100,post,看YouTube輕鬆學英文 - 希平方(111103359011041),http://www.facebook.com/111103359011041_901982276589808,12:20:00 PM,photo,111103359011041_901982276589808,大量使用片語才是老外真正的說話方式↓「使某人失望」- Let Someone Down↓https://www.hopenglish.com/let-someone-down-2關注希平方，天天學到超實用片語！,added_photos,https://www.facebook.com/youtubelearn/photos/a.139240742863969.26508.111103359011041/901982276589808/?type=3,Timeline Photos,2,47,6,3/16/2016 9:02,
18,post,看YouTube輕鬆學英文 - 希平方(111103359011041),http://www.facebook.com/111103359011041_916721785115857,9:20:00 AM,photo,111103359011041_916721785115857,各位學英文的朋友早安：)「不可能的事」- Pigs Might Fly↓https://www.hopenglish.com/pigs-might-fly關注希平方，天天學到超實用片語！,added_photos,https://www.facebook.com/youtubelearn/photos/a.139240742863969.26508.111103359011041/916721785115857/?type=3,Timeline Photos,1,46,6,3/30/2016 12:09,
34,post,看YouTube輕鬆學英文 - 希平方(111103359011041),http://www.facebook.com/111103359011041_910788099042559,9:30:00 PM,link,111103359011041_910788099042559,📣【學員心得分享】📣大約上完100堂之後，因為工作的關係，需到美國去出差一趟，在美國的那兩周，每天生活在英語環境中，之前上課顯著的效果讓我大吃一驚，尤其是自己在語感上的掌握比之前更上一層樓，記不住的單字或是片語雖然自己不熟無法使用，但是從老外口中聽到自己不熟悉，但是在課程中某個情境學過的生字或片語，能夠精準的掌握對方的用字及語氣的深度，讓我非常有信心可以再繼續練習下去。#喜歡就按讚👍 #認同請分享💪►持續攻其不背，讓你英文不再弱弱(low low)的！ ✨ ✨ ✨,shared_story,http://edward711.blogspot.tw/2016/01/blog-post.html,Personal random note: 使用攻其不背--在外商公司如魚得水,1,46,2,3/25/2016 17:39,
36,post,看YouTube輕鬆學英文 - 希平方(111103359011041),http://www.facebook.com/111103359011041_911810192273683,12:20:00 PM,photo,111103359011041_911810192273683,大量使用片語才是老外真正的說話方式↓「被使用」- In Use↓https://www.hopenglish.com/in-use-2關注希平方，天天學到超實用片語！,added_photos,https://www.facebook.com/youtubelearn/photos/a.139240742863969.26508.111103359011041/911810192273683/?type=3,Timeline Photos,2,46,6,3/25/2016 20:15,
74,post,看YouTube輕鬆學英文 - 希平方(111103359011041),http://www.facebook.com/111103359011041_906842939437075,9:20:17 AM,photo,111103359011041_906842939437075,各位學英文的朋友早安：)「取決於」- Depend On↓https://www.hopenglish.com/depend-on-7關注希平方，天天學到超實用片語！,added_photos,https://www.facebook.com/youtubelearn/photos/a.139240742863969.26508.111103359011041/906842939437075/?type=3,Timeline Photos,2,46,4,3/17/2016 22:09,
37,post,看YouTube輕鬆學英文 - 希平方(111103359011041),http://www.facebook.com/111103359011041_911808985607137,9:20:00 AM,photo,111103359011041_911808985607137,各位學英文的朋友早安：)「因此、結果」- As A Result↓https://www.hopenglish.com/as-a-result-4關注希平方，天天學到超實用片語！,added_photos,https://www.facebook.com/youtubelearn/photos/a.139240742863969.26508.111103359011041/911808985607137/?type=3,Timeline Photos,0,45,5,3/24/2016 9:20,
54,post,看YouTube輕鬆學英文 - 希平方(111103359011041),http://www.facebook.com/111103359011041_910075632447139,12:20:01 PM,photo,111103359011041_910075632447139,大量使用片語才是老外真正的說話方式↓「到目前為止」- So Far↓https://www.hopenglish.com/so-far-4關注希平方，天天學到超實用片語！,added_photos,https://www.facebook.com/youtubelearn/photos/a.139240742863969.26508.111103359011041/910075632447139/?type=3,Timeline Photos,1,45,4,3/24/2016 9:16,
73,post,看YouTube輕鬆學英文 - 希平方(111103359011041),http://www.facebook.com/111103359011041_906990546088981,12:22:01 PM,photo,111103359011041_906990546088981,大量使用片語才是老外真正的說話方式↓「由於、幸虧」- Thanks To↓https://www.hopenglish.com/thanks-to-2關注希平方，天天學到超實用片語！,added_photos,https://www.facebook.com/youtubelearn/photos/a.139240742863969.26508.111103359011041/906990546088981/?type=3,Timeline Photos,2,45,7,3/21/2016 16:57,
133,post,看YouTube輕鬆學英文 - 希平方(111103359011041),http://www.facebook.com/111103359011041_898259480295421,9:20:00 AM,photo,111103359011041_898259480295421,各位學英文的朋友早安：)「順道拜訪一下」- Swing By↓https://www.hopenglish.com/swing-by關注希平方，天天學到超實用片語！,added_photos,https://www.facebook.com/youtubelearn/photos/a.139240742863969.26508.111103359011041/898259480295421/?type=3,Timeline Photos,2,45,5,3/8/2016 1:37,
20,post,看YouTube輕鬆學英文 - 希平方(111103359011041),http://www.facebook.com/111103359011041_911725885615447,7:58:00 PM,link,111103359011041_911725885615447,【開趴啦!!!】週末的夜晚，就是要開趴啊!!不然要幹嘛?不然要幹嘛?不然要幹嘛?一起動手做做簡單的甜點，讓你的週末夜晚更不一樣！(...by #蓋小編)#簡單食材 #蹦出好滋味 #甜點控不要錯過 #精選影片★設定搶先看，讓英文持續攻其不背★快一起來看看如何做吧↓↓↓,shared_story,https://www.hopenglish.com/new-years-eve-party-food-ideas,「派對小點心輕鬆做！」,0,44,8,3/27/2016 19:58,
42,post,看YouTube輕鬆學英文 - 希平方(111103359011041),http://www.facebook.com/111103359011041_911952855592750,7:58:01 PM,link,111103359011041_911952855592750,【甜點新選擇】小編看完這部影片決定明天的下午茶就吃這個了!!!原來輕輕鬆鬆就可以變出健康又好吃的甜點 😍😍😍#食材隨手可得 #做一份甜點不用一分鐘 #精選影片★設定搶先看，讓英文持續攻其不背★快一起來動手做點甜吧↓↓↓,shared_story,https://www.hopenglish.com/healthier-100-calorie-snacks,「愛吃甜食不怕胖！低卡小點心輕鬆做」- Healthier 100-Calorie Snacks,0,44,10,3/23/2016 19:58,
45,post,看YouTube輕鬆學英文 - 希平方(111103359011041),http://www.facebook.com/111103359011041_911485678972801,5:02:51 AM,status,111103359011041_911485678972801,［系統公告］系統維護完畢！歡迎大家回來上課！希平方工程團隊敬上,mobile_status_update,,,0,44,,3/23/2016 5:02,
113,post,看YouTube輕鬆學英文 - 希平方(111103359011041),http://www.facebook.com/111103359011041_900807756707260,7:59:00 PM,link,111103359011041_900807756707260,今天你有發現 Google 首頁不太一樣嗎？把 play 按下去後聽得懂嗎？第一手翻譯在這裡！快來看看~~ 🎉🎉🎉 (by #希小編)#OneDayIWill #Google塗鴉 #精選影片,shared_story,https://www.hopenglish.com/international-womens-day-2016,「Google 陪妳歡慶婦女節 #OneDayIWill」- International Women's Day 2016,0,44,8,3/8/2016 19:59,
121,post,看YouTube輕鬆學英文 - 希平方(111103359011041),http://www.facebook.com/111103359011041_897164463738256,7:58:00 PM,link,111103359011041_897164463738256,【週末輕鬆一下】嘿嘿(￣▽￣)你以為這只是普通的小魔術嗎？那可就大錯特錯啦！(...by #蓋小編)#我媽問我為什麼要跪著看 #已佩服 #已崇拜 #精選影片★設定搶先看，讓英文持續攻其不背★快一起來看看這神奇的魔術吧↓↓↓,shared_story,https://www.hopenglish.com/mat-franco-makes-a-magical-return,「冠軍魔術師要你目瞪口呆！」,0,44,11,3/6/2016 19:58,
126,post,看YouTube輕鬆學英文 - 希平方(111103359011041),http://www.facebook.com/111103359011041_898449306943105,7:58:00 PM,link,111103359011041_898449306943105,【看影片學英文】把北極帶回家！從夏天吃的冰淇淋，到冬天吃的火鍋料，冰箱的發明實在是太偉大啦👍👍讓我們抱著感激的心情來看看冰箱的故事吧！🎶🎶🎶（by #學海無編）#孕育生命的偉大發明 #冰箱的秘密 #精選影片,shared_story,https://www.hopenglish.com/the-story-of-frozen-food,「冷凍食物二三事」- The Story of Frozen Food,0,44,8,3/5/2016 19:58,
51,post,看YouTube輕鬆學英文 - 希平方(111103359011041),http://www.facebook.com/111103359011041_910712255716810,9:23:01 AM,photo,111103359011041_910712255716810,各位學英文的朋友早安：)「徹底地做某事」- Go The Whole Hog↓https://www.hopenglish.com/go-the-whole-hog關注希平方，天天學到超實用片語！,added_photos,https://www.facebook.com/youtubelearn/photos/a.139240742863969.26508.111103359011041/910712255716810/?type=3,Timeline Photos,1,43,2,3/24/2016 9:15,
83,post,看YouTube輕鬆學英文 - 希平方(111103359011041),http://www.facebook.com/111103359011041_905309172923785,9:19:57 AM,photo,111103359011041_905309172923785,各位學英文的朋友早安：)「取決於」- Up To↓https://www.hopenglish.com/up-to-5關注希平方，天天學到超實用片語！,added_photos,https://www.facebook.com/youtubelearn/photos/a.139240742863969.26508.111103359011041/905309172923785/?type=3,Timeline Photos,2,43,7,3/17/2016 22:14,
97,post,看YouTube輕鬆學英文 - 希平方(111103359011041),http://www.facebook.com/111103359011041_903233473131355,9:20:00 AM,photo,111103359011041_903233473131355,星期六別再賴床啦～打扮一下等等出去玩囉<3「精心打扮」- Dress Up↓https://www.hopenglish.com/dress-up-3關注希平方，天天學到超實用片語！,added_photos,https://www.facebook.com/youtubelearn/photos/a.139240742863969.26508.111103359011041/903233473131355/?type=3,Timeline Photos,1,43,4,3/15/2016 19:44,
114,post,看YouTube輕鬆學英文 - 希平方(111103359011041),http://www.facebook.com/111103359011041_900654866722549,12:20:00 PM,photo,111103359011041_900654866722549,各位學英文的朋友午安～「真的、屬實」- Straight Up↓https://www.hopenglish.com/straight-up這個片語是英國和澳洲的口語用法喔😉,added_photos,https://www.facebook.com/youtubelearn/photos/a.139240742863969.26508.111103359011041/900654866722549/?type=3,Timeline Photos,1,43,1,3/9/2016 22:26,
115,post,看YouTube輕鬆學英文 - 希平方(111103359011041),http://www.facebook.com/111103359011041_900595800061789,9:24:02 AM,photo,111103359011041_900595800061789,除了 have no idea 以外，你還可以用：「不知道、毫無頭緒」- Not Have A Clue↓https://www.hopenglish.com/not-have-a-clue-2關注希平方，天天學到超實用片語！,added_photos,https://www.facebook.com/youtubelearn/photos/a.139240742863969.26508.111103359011041/900595800061789/?type=3,Timeline Photos,1,43,3,3/10/2016 9:33,
146,post,看YouTube輕鬆學英文 - 希平方(111103359011041),http://www.facebook.com/111103359011041_896585800462789,12:20:01 PM,photo,111103359011041_896585800462789,大量使用片語才是老外真正的說話方式↓「保持沉默- Keep One's Mouth Shut↓https://www.hopenglish.com/keep-ones-mouth-shut關注希平方，天天學到超實用片語！,added_photos,https://www.facebook.com/youtubelearn/photos/a.139240742863969.26508.111103359011041/896585800462789/?type=3,Timeline Photos,1,43,3,3/3/2016 1:26,
41,post,看YouTube輕鬆學英文 - 希平方(111103359011041),http://www.facebook.com/111103359011041_912172532237449,10:21:30 PM,status,111103359011041_912172532237449,［系統公告］3/24 04:00 ～ 05:00 系統將再次停機維護，希望能夠讓大家上課上的更順暢。維護完畢時會再通知大家喔！希平方工程團隊敬上,mobile_status_update,,,0,42,,3/23/2016 22:21,
68,post,看YouTube輕鬆學英文 - 希平方(111103359011041),http://www.facebook.com/111103359011041_907758689345500,12:20:00 PM,photo,111103359011041_907758689345500,大量使用片語才是老外真正的說話方式↓「變成」- Turn Into↓https://www.hopenglish.com/turn-into-3關注希平方，天天學到超實用片語！,added_photos,https://www.facebook.com/youtubelearn/photos/a.139240742863969.26508.111103359011041/907758689345500/?type=3,Timeline Photos,1,42,9,3/20/2016 2:13,
5,post,看YouTube輕鬆學英文 - 希平方(111103359011041),http://www.facebook.com/111103359011041_919751748146194,9:20:00 AM,photo,111103359011041_919751748146194,各位學英文的朋友早安：)「逐漸消失、變弱」- Fade Away↓https://www.hopenglish.com/fade-away-2關注希平方，天天學到超實用片語！,added_photos,https://www.facebook.com/youtubelearn/photos/a.139240742863969.26508.111103359011041/919751748146194/?type=3,Timeline Photos,0,41,6,3/31/2016 9:20,
64,post,看YouTube輕鬆學英文 - 希平方(111103359011041),http://www.facebook.com/111103359011041_907760766011959,12:20:00 PM,photo,111103359011041_907760766011959,大量使用片語才是老外真正的說話方式↓「來來回回地」- Back And Forth↓https://www.hopenglish.com/back-and-forth-3關注希平方，天天學到超實用片語！,added_photos,https://www.facebook.com/youtubelearn/photos/a.139240742863969.26508.111103359011041/907760766011959/?type=3,Timeline Photos,2,41,6,3/21/2016 16:15,
78,post,看YouTube輕鬆學英文 - 希平方(111103359011041),http://www.facebook.com/111103359011041_906024156185620,9:20:00 AM,photo,111103359011041_906024156185620,各位學英文的朋友早安：)「畢竟、終究」- After All↓https://www.hopenglish.com/after-all-5關注希平方，天天學到超實用片語！,added_photos,https://www.facebook.com/youtubelearn/photos/a.139240742863969.26508.111103359011041/906024156185620/?type=3,Timeline Photos,3,41,3,3/17/2016 22:10,
95,post,看YouTube輕鬆學英文 - 希平方(111103359011041),http://www.facebook.com/111103359011041_900623763392326,4:31:00 PM,link,111103359011041_900623763392326,📣【學員心得分享】📣為什麼老是學不好英文，在聽過許多專家的意見之後，才意識到其實最關鍵的原因取決於自身態度的積極與否，因為語言的學習最需要的就是長時間持續的投入，因此下定決心學好英文，即是學習英文的第一步。學習語言就像一段沒有終點的旅途，若以積極樂觀的態度面對並且努力不懈、持之以恆，就會是收穫最多的人。我很感謝「攻其不背」的聽說讀寫方式，強迫自己多次的練習，無形中就記起來的方式真的很棒！#喜歡就按讚👍 #認同請分享💪►持續攻其不背，讓你英文不再弱弱(low low)的！ ✨ ✨ ✨,shared_story,http://canofdream.pixnet.net/blog/post/43093284,「攻其不背」 @ canofdream的部落格 :: 痞客邦 PIXNET ::,0,41,4,3/12/2016 16:31,
119,post,看YouTube輕鬆學英文 - 希平方(111103359011041),http://www.facebook.com/111103359011041_900007283453974,9:20:01 AM,photo,111103359011041_900007283453974,各位學英文的朋友早安：)「阻撓、擋道」- In The Way↓https://www.hopenglish.com/in-the-way關注希平方，天天學到超實用片語！,added_photos,https://www.facebook.com/youtubelearn/photos/a.139240742863969.26508.111103359011041/900007283453974/?type=3,Timeline Photos,1,41,2,3/10/2016 9:34,
144,post,看YouTube輕鬆學英文 - 希平方(111103359011041),http://www.facebook.com/111103359011041_896545630466806,9:37:00 PM,link,111103359011041_896545630466806,📣【學員心得分享】📣不知不覺地聽ICRT時開始能聽懂幾句了，而不是像以前一樣好像只是背景音樂似的；跟朋友去看電影時發現自己竟能聽懂片中對話關鍵句甚至一整句，現在連上課的時間也越來越短，因為我越來越聽得懂內容跟知道句子大約的結構。此外，聽說讀寫都有明顯的進步，遇到外國人時可以成功練習講出完整的句子，這樣大的進步讓我對於英文越來越有興趣，也繼續購買課程，持續每天起碼上一堂課的堅持!#可以隨時中斷課程隨時開始 #以前英文是鴨子聽雷現在越聽越有進步#喜歡就按讚👍 #認同請分享💪►持續攻其不背，讓你英文不再弱弱(low low)的！ ✨ ✨ ✨,shared_story,http://toustanley.pixnet.net/blog/post/40534887,你不可以不知道的學英文方式-希平方-攻其不背 @ toustanley的部落格 :: 痞客邦 PIXNET ::,2,41,3,3/9/2016 11:38,
46,post,看YouTube輕鬆學英文 - 希平方(111103359011041),http://www.facebook.com/111103359011041_911223882332314,11:29:01 PM,status,111103359011041_911223882332314,［系統公告］3/23 04:00 ～ 05:00 將停機維護，希望能夠讓大家上課上的更順暢。維護完畢時會再發一篇公告通知大家喔！希平方工程團隊敬上,mobile_status_update,,,0,40,,3/22/2016 23:29,
91,post,看YouTube輕鬆學英文 - 希平方(111103359011041),http://www.facebook.com/111103359011041_903239493130753,12:20:00 PM,photo,111103359011041_903239493130753,大量使用片語才是老外真正的說話方式↓「查詢」- Look Uphttps://www.hopenglish.com/look-up-4關注希平方，天天學到超實用片語！,added_photos,https://www.facebook.com/youtubelearn/photos/a.139240742863969.26508.111103359011041/903239493130753/?type=3,Timeline Photos,2,40,6,3/15/2016 14:02,
129,post,看YouTube輕鬆學英文 - 希平方(111103359011041),http://www.facebook.com/111103359011041_898414053613297,9:20:00 AM,photo,111103359011041_898414053613297,各位學英文的朋友早安：)「順帶一提」- By The Way↓https://www.hopenglish.com/by-the-way-8關注希平方，天天學到超實用片語！,added_photos,https://www.facebook.com/youtubelearn/photos/a.139240742863969.26508.111103359011041/898414053613297/?type=3,Timeline Photos,1,40,4,3/7/2016 17:27,
141,post,看YouTube輕鬆學英文 - 希平方(111103359011041),http://www.facebook.com/111103359011041_897191557068880,12:20:01 PM,photo,111103359011041_897191557068880,英文中的「踹屁股」是什麼意思呢？「狠狠教訓某人」- Kick One's Ass↓https://www.hopenglish.com/kick-ones-ass大量使用片語才是老外真正的說話方式 B|,added_photos,https://www.facebook.com/youtubelearn/photos/a.139240742863969.26508.111103359011041/897191557068880/?type=3,Timeline Photos,2,40,4,3/4/2016 11:59,
35,post,看YouTube輕鬆學英文 - 希平方(111103359011041),http://www.facebook.com/111103359011041_912961285491907,7:58:00 PM,link,111103359011041_912961285491907,【膽小者勿入】不要問，真的很可怕！😱😱😱  小編自己看完之後也覺得毛毛的，歡迎粉絲來挑戰膽量！💀💀💀（by #學海無編）#精選影片,shared_story,https://www.hopenglish.com/dare-you-play-the-game,「【膽小者勿入】神奇方格遊戲」- Dare You Play the Game?,0,39,4,3/24/2016 19:58,
55,post,看YouTube輕鬆學英文 - 希平方(111103359011041),http://www.facebook.com/111103359011041_909961092458593,9:22:00 AM,photo,111103359011041_909961092458593,各位學英文的朋友早安：)「與...相配、伴隨」- Go With↓https://www.hopenglish.com/go-with-3關注希平方，天天學到超實用片語！,added_photos,https://www.facebook.com/youtubelearn/photos/a.139240742863969.26508.111103359011041/909961092458593/?type=3,Timeline Photos,1,39,2,3/22/2016 23:59,
106,post,看YouTube輕鬆學英文 - 希平方(111103359011041),http://www.facebook.com/111103359011041_901788589942510,9:20:38 AM,photo,111103359011041_901788589942510,各位學英文的朋友早安：)「和...有關」- Have To Do With↓https://www.hopenglish.com/have-to-do-with-3關注希平方，天天學到超實用片語！,added_photos,https://www.facebook.com/youtubelearn/photos/a.139240742863969.26508.111103359011041/901788589942510/?type=3,Timeline Photos,2,39,3,3/15/2016 19:45,
4,post,看YouTube輕鬆學英文 - 希平方(111103359011041),http://www.facebook.com/111103359011041_919907764797259,12:20:00 PM,photo,111103359011041_919907764797259,上班累了嗎？午休時間一起來小睡一下吧👍「小睡、打盹」- Take A Nap↓https://www.hopenglish.com/take-a-nap關注希平方，天天學到超實用片語！,added_photos,https://www.facebook.com/youtubelearn/photos/a.139240742863969.26508.111103359011041/919907764797259/?type=3,Timeline Photos,1,38,7,4/1/2016 9:32,
109,post,看YouTube輕鬆學英文 - 希平方(111103359011041),http://www.facebook.com/111103359011041_901298663324836,12:20:01 PM,photo,111103359011041_901298663324836,大量使用片語才是老外真正的說話方式↓「騰出時間」- Make Time↓https://www.hopenglish.com/make-time關注希平方，天天學到超實用片語！,added_photos,https://www.facebook.com/youtubelearn/photos/a.139240742863969.26508.111103359011041/901298663324836/?type=3,Timeline Photos,2,38,2,3/10/2016 9:32,
80,post,看YouTube輕鬆學英文 - 希平方(111103359011041),http://www.facebook.com/111103359011041_904628546325181,9:30:00 PM,link,111103359011041_904628546325181,📣【學員心得分享】📣開始嘗試用希平方來學習英文之後，以前那種對英文的熟悉感又跑了回來耶～而且單字！對就是單字！！我發現自然而然就進到腦海之中，可能是了解整句話的緣故，單字跟意思都可以連接的上。文法方面呢也超方便的～老師不管我問多蠢多笨的問題仍然會想辦法讓我去理解，甚至親自找網址的連結頁面讓我進去觀看，讓我更喜歡上希平方來學習英文😃#喜歡就按讚👍 #認同請分享💪►持續攻其不背，讓你英文不再弱弱(low low)的！ ✨ ✨ ✨,shared_story,http://yanghelena.pixnet.net/blog/post/43609359,希平方-攻其不背 @ yanghelena的部落格 :: 痞客邦 PIXNET ::,0,37,3,3/15/2016 21:30,
92,post,看YouTube輕鬆學英文 - 希平方(111103359011041),http://www.facebook.com/111103359011041_903239039797465,9:20:01 AM,photo,111103359011041_903239039797465,各位學英文的朋友早安～星期天要做什麼呢？趕快計畫一下：)「詳細安排、策畫」- Plan Outhttps://www.hopenglish.com/plan-out關注希平方，天天學到超實用片語！,added_photos,https://www.facebook.com/youtubelearn/photos/a.139240742863969.26508.111103359011041/903239039797465/?type=3,Timeline Photos,2,37,5,3/15/2016 14:03,
110,post,看YouTube輕鬆學英文 - 希平方(111103359011041),http://www.facebook.com/111103359011041_901244699996899,9:20:45 AM,photo,111103359011041_901244699996899,各位學英文的朋友早安：)「有影響、起作用」- Make A Difference↓https://www.hopenglish.com/make-a-difference-3關注希平方，天天學到超實用片語！,added_photos,https://www.facebook.com/youtubelearn/photos/a.139240742863969.26508.111103359011041/901244699996899/?type=3,Timeline Photos,1,37,4,3/10/2016 9:32,
112,post,看YouTube輕鬆學英文 - 希平方(111103359011041),http://www.facebook.com/111103359011041_900613713393331,9:30:00 PM,link,111103359011041_900613713393331,📣【學員心得分享】📣學英文單字很重要，但並不是聽&說就不重要，等你有了一定的單字量你講起英文就會很輕鬆，而要如何練(說)呢?就是多說嘛 ! 你多講英文就不會卡卡的，攻其不背除了幫我背單字，他還會規定我一定要唸完句子才能跳下一句，這樣就幫助了我(說)的部分了。#喜歡就按讚👍 #認同請分享💪►持續攻其不背，讓你英文不再弱弱(low low)的！ ✨ ✨ ✨,shared_story,http://jk201099.pixnet.net/blog/post/42803724,攻其不背學習心得 @ jk201099的部落格 :: 痞客邦 PIXNET ::,0,37,2,3/8/2016 21:30,
132,post,看YouTube輕鬆學英文 - 希平方(111103359011041),http://www.facebook.com/111103359011041_898332380288131,12:24:00 PM,photo,111103359011041_898332380288131,大量使用片語才是老外真正的說話方式↓「處理、面對」- Deal With↓https://www.hopenglish.com/deal-with-4關注希平方，天天學到超實用片語！,added_photos,https://www.facebook.com/youtubelearn/photos/a.139240742863969.26508.111103359011041/898332380288131/?type=3,Timeline Photos,1,37,4,3/7/2016 17:27,
105,post,看YouTube輕鬆學英文 - 希平方(111103359011041),http://www.facebook.com/111103359011041_901850873269615,12:22:01 PM,photo,111103359011041_901850873269615,大量使用片語才是老外真正的說話方式↓「獨立、靠自己」- On One's Own↓https://www.hopenglish.com/on-ones-own-2關注希平方，天天學到超實用片語！,added_photos,https://www.facebook.com/youtubelearn/photos/a.139240742863969.26508.111103359011041/901850873269615/?type=3,Timeline Photos,2,36,3,3/15/2016 14:07,
62,post,看YouTube輕鬆學英文 - 希平方(111103359011041),http://www.facebook.com/111103359011041_907124889408880,7:58:00 PM,link,111103359011041_907124889408880,【性格解析】比心理測驗還準！假日就是要睡到自然醒啊💤💤💤你知道你的睡姿代表著什麼樣的性格嗎？大家看完之後跟小編說你覺得這個分析準不準吧！(by #學海無編)#精選影片,shared_story,https://www.hopenglish.com/what-your-sleeping-position-says-about-you,「從睡姿看個性～你是哪種類型？」- What Your Sleeping Position Says about You,0,35,4,3/19/2016 19:58,
101,post,看YouTube輕鬆學英文 - 希平方(111103359011041),http://www.facebook.com/111103359011041_901982133256489,9:20:00 AM,photo,111103359011041_901982133256489,各位學英文的朋友早安：)「發現、得知」- Find Out↓https://www.hopenglish.com/find-out-6關注希平方，天天學到超實用片語！,added_photos,https://www.facebook.com/youtubelearn/photos/a.139240742863969.26508.111103359011041/901982133256489/?type=3,Timeline Photos,2,35,4,3/15/2016 14:05,
71,post,看YouTube輕鬆學英文 - 希平方(111103359011041),http://www.facebook.com/111103359011041_904634709657898,9:30:00 PM,link,111103359011041_904634709657898,📣【學員心得分享】📣在柏林這邊準備考國際學程，德文、英文都要通過，還要打工來養活自己，整個心力憔悴，幸好無意間搜尋到了攻其不背的線上英文教學，因為可以在打工顧店時，好好利用時間學習英文，平均每天扎扎實實地上一堂課，而且只要照著步驟學習，不怕中斷或是不小心少複習到什麼，很有系統地明顯成長，並且事半功倍。目前上50堂課了，然後發現我的英文竟然比德文整體還要穩定的成長！😼#喜歡就按讚👍 #認同請分享💪►持續攻其不背，讓你英文不再弱弱(low low)的！ ✨ ✨ ✨,shared_story,http://luzia372k.pixnet.net/blog/post/318628737,自學語言in 攻其不背 @ luzia372k的部落格 :: 痞客邦 PIXNET ::,1,34,3,3/17/2016 23:35,
69,post,看YouTube輕鬆學英文 - 希平方(111103359011041),http://www.facebook.com/111103359011041_907688916019144,9:20:01 AM,photo,111103359011041_907688916019144,各位學英文的朋友早安：)「和...一道」- Along With↓https://www.hopenglish.com/along-with-5關注希平方，天天學到超實用片語！,added_photos,https://www.facebook.com/youtubelearn/photos/a.139240742863969.26508.111103359011041/907688916019144/?type=3,Timeline Photos,1,33,3,3/21/2016 16:17,
147,post,看YouTube輕鬆學英文 - 希平方(111103359011041),http://www.facebook.com/111103359011041_896513927136643,9:22:01 AM,photo,111103359011041_896513927136643,各位學英文的朋友早安：)「現在、此刻」- Right Now↓https://www.hopenglish.com/right-now關注希平方，天天學到超實用片語！,added_photos,https://www.facebook.com/youtubelearn/photos/a.139240742863969.26508.111103359011041/896513927136643/?type=3,Timeline Photos,1,33,5,3/3/2016 1:30,
13,post,看YouTube輕鬆學英文 - 希平方(111103359011041),http://www.facebook.com/111103359011041_917758035012232,9:17:39 AM,photo,111103359011041_917758035012232,各位學英文的朋友早安：) 「雜亂」- All Over The Place↓https://www.hopenglish.com/all-over-the-place關注希平方，天天學到超實用片語！,added_photos,https://www.facebook.com/youtubelearn/photos/a.139240742863969.26508.111103359011041/917758035012232/?type=3,Timeline Photos,0,32,3,3/29/2016 9:17,
90,post,看YouTube輕鬆學英文 - 希平方(111103359011041),http://www.facebook.com/111103359011041_900625476725488,4:37:00 PM,link,111103359011041_900625476725488,📣【學員心得分享】📣我發現了攻其不背－這套可以隨時隨地學習英文的系統，它安排的課程，內含聽寫、複習、重組、學習的複合方式，對於聽、說、讀、寫各方面，有全面性的幫助，照進度按部就班，的確是有一定程度以上的幫助，尤其是可以找回對英文的語感與敏銳度，再另外搭配字彙量的提昇，對於忙碌的我來說，利用零碎的時間學習，事半功倍！#喜歡就按讚👍 #認同請分享💪►持續攻其不背，讓你英文不再弱弱(low low)的！ ✨ ✨ ✨,shared_story,http://firemantimothy.blogspot.tw/2016/01/blog-post.html,摩西過火海: 我的攻其不背時代,0,29,2,3/13/2016 16:37,
127,post,看YouTube輕鬆學英文 - 希平方(111103359011041),http://www.facebook.com/111103359011041_896559787132057,4:30:00 PM,link,111103359011041_896559787132057,📣【學員心得分享】📣畢業後，我仍然不想放棄英文，將以前的教材重新讀過，也曾經花了萬元參加英語補習班，但一樣的老問題還是揮之不去，【單字背不起來】。直到使用了攻其不背，立刻喜歡上這個系統的上課模式，利用反覆練習來刺激大腦記憶力，小範圍的練習聽說讀寫，完全沒有壓力。系統備有老師錄音；不用害怕專有名詞或複雜的文法，這些都有小幫手在一旁解答。一步一步有條理地打好英文基礎，反覆聆聽幾次之後，那些原本陌生的語句好像就印在腦海裡了，難怪不用花額外的時間背單字😝#想學英文不想要變成台式英文 #英文反覆練習就能熟能生巧#喜歡就按讚👍 #認同請分享💪►持續攻其不背，讓你英文不再弱弱(low low)的！ ✨ ✨ ✨,shared_story,http://oasaburoou.pixnet.net/blog/post/187681321,<希平方攻其不背>線上英文學習課程 @ oasaburoou的部落格 :: 痞客邦 PIXNET ::,0,29,2,3/5/2016 16:30,
8,post,看YouTube輕鬆學英文 - 希平方(111103359011041),http://www.facebook.com/111103359011041_918857661568936,12:20:00 PM,photo,111103359011041_918857661568936,大量使用片語才是老外真正的說話方式↓「就...方面來說」- In Terms Of↓https://www.hopenglish.com/in-terms-of-7關注希平方，天天學到超實用片語！,added_photos,https://www.facebook.com/youtubelearn/photos/a.139240742863969.26508.111103359011041/918857661568936/?type=3,Timeline Photos,1,28,8,3/31/2016 14:27,
135,post,看YouTube輕鬆學英文 - 希平方(111103359011041),http://www.facebook.com/111103359011041_896551800466189,9:30:00 PM,link,111103359011041_896551800466189,📣【學員心得分享】📣某次看到希平方-攻其不背的介紹，看起來很神很吸引人，想知道到底如何可以「攻其不背」，所以就購買了120堂課程。學習了半年之後，去考了久違的TOEIC，說來神奇，除了考前用複習本衝刺之外，一直無法突破800分尤其超害怕聽力的我，在當次多益全神貫注的考試之下，覺得聽得懂的機率變高了，結果雖然是差一點就能拿黃金證書令人扼腕的分數，但能突破800分令人大感振奮！😄#內有彩蛋請點入  #購買120堂朝向黃金證書邁進#喜歡就按讚👍 #認同請分享💪►持續攻其不背，讓你英文不再弱弱(low low)的！ ✨ ✨ ✨,shared_story,http://lingforfun.pixnet.net/blog/post/187567366,學英文就要「攻其不背」 @ 「齡」活手札：玩樂宣言誌 :: 痞客邦 PIXNET ::,0,27,2,3/3/2016 21:30,
10,post,看YouTube輕鬆學英文 - 希平方(111103359011041),http://www.facebook.com/111103359011041_916963435091692,9:30:00 PM,link,111103359011041_916963435091692,📣【學員心得分享】📣剛開始時，內人實在興趣缺缺，一心嚮往英語補習班的生活(事實上她也預訂好了試聽的時間)，但我想，要如何讓我內人踏出第一步，開始試聽一下希平方的方式，剛好，在第一堂課中，有一個繞口令十分有趣；因此，多次在上班開車途上，反覆大聲地朗讀這一段繞口令 She Sells Sea Shells By The Sea Shore，就這樣，哈哈哈....魚兒就上鈎了🐟😁#喜歡就按讚👍 #認同請分享💪►持續攻其不背，讓你英文不再弱弱(low low)的！ ✨ ✨ ✨,shared_story,http://pipenlinlearning.blogspot.tw/2015/05/blog-post_24.html,學習: 攻其不背 創新完備 耳聽口唸 學習增倍,0,26,,3/29/2016 21:30,
21,post,看YouTube輕鬆學英文 - 希平方(111103359011041),http://www.facebook.com/111103359011041_910791895708846,4:30:00 PM,link,111103359011041_910791895708846,📣【學員心得分享】📣就算一直看影集或是聽廣播，沒有一個字一個字或是一句一句瞭解，進步的速度也是非常的慢。希平方雖沒有昂貴且華麗的教學系統與行銷，但卻將課程品質回饋給學員，更棒的是，還可以透過自己的選擇，有關西方的文化、藝術、電影、流行趨勢等等，這樣的學習更是我需要的。所以評估過後，我選擇了希平方！套句流行話，學英文就是要把錢花在刀口上，不然要幹嘛？ 😁#喜歡就按讚👍 #認同請分享💪►持續攻其不背，讓你英文不再弱弱(low low)的！ ✨ ✨ ✨,shared_story,http://flight0928.pixnet.net/blog/post/43364245,專注學習 持之以恆 攻其不背 @ flight0928的部落格 :: 痞客邦 PIXNET ::,0,26,4,3/27/2016 16:30,
48,post,看YouTube輕鬆學英文 - 希平方(111103359011041),http://www.facebook.com/111103359011041_910780465709989,9:30:00 PM,link,111103359011041_910780465709989,📣【學員心得分享】📣台灣學生大部分比較重視聽、讀，常常輕忽了說跟寫。「攻其不背」的系統設計，讓我們可以模仿影片中外國人的口音，不但矯正了發音的偏差，在重複練習的過程中，也讓自己的口說速度可以跟上外語老師，達到熟能生巧的程度。像單字的部分，很多人是看得懂的，但叫他拚他拚不出來，如此在寫作上就會出現問題了，而「攻其不背」課程，不但強迫你一定要把整句話拚出來，還會不斷的重複複習，讓你到後來背不起來也難，真的是名副其實的「攻其不背」！#喜歡就按讚👍 #認同請分享💪►持續攻其不背，讓你英文不再弱弱(low low)的！ ✨ ✨ ✨,shared_story,http://mypaper.pchome.com.tw/heylabbb/post/1363211413,★希平方-攻其不背★線上英語學習課程~~真的是太強惹!!!!!!!,0,25,2,3/22/2016 21:30,
58,post,看YouTube輕鬆學英文 - 希平方(111103359011041),http://www.facebook.com/111103359011041_904697352984967,4:30:00 PM,link,111103359011041_904697352984967,📣【學員心得分享】📣攻其不背的上課方式是以【重複學習】為主。人在學習的時候常常容易忘記，學習越多次，記憶也會越深刻，也就越不容易忘記，因此攻其不背使用的方式就是【重複學習】。透過分層的方式，一堂課裡面有多種不同的學習方式，同一段可以複習到許多次，並且是以不同的形式，因此在以學習英文方面來說，算是很方便，不用課前預習，也不用課後複習，因為你在學習的過程中，你就已經記得很清楚了。#喜歡就按讚👍 #認同請分享💪►持續攻其不背，讓你英文不再弱弱(low low)的！ ✨ ✨ ✨,shared_story,http://a8895222.pixnet.net/blog/post/44208330,攻其不背 @ a8895222的部落格 :: 痞客邦 PIXNET ::,0,22,4,3/20/2016 16:30,
63,post,看YouTube輕鬆學英文 - 希平方(111103359011041),http://www.facebook.com/111103359011041_904691259652243,4:30:00 PM,link,111103359011041_904691259652243,📣【學員心得分享】📣我發現使用【希平方-攻其不背】上課其實並不困難，你可以選擇自己喜歡的課程來學習，所以在學習英文的意願當中就提升了非常多。在加上攻其不背，並不是像傳統的教法那樣，強迫你不斷的背誦單字、片語，而是經過閱讀、聽力、錄音的多種方式來讓你進行學習，只要是我有看過的單字，我多少都會有些印象，我覺得這對我來說是進步非常大的😄希望在接下來的時間，希平方-攻其不背可以讓我學會更多的英文。#喜歡就按讚👍 #認同請分享💪►持續攻其不背，讓你英文不再弱弱(low low)的！ ✨ ✨ ✨,shared_story,http://blog.yam.com/angus800916/article/126427012,在緋色之夜裡徘徊的縹緲之心: 攻其不背-學習心得 - yam天空部落,0,21,1,3/19/2016 16:30,
2,post,看YouTube輕鬆學英文 - 希平方(111103359011041),http://www.facebook.com/111103359011041_916964958424873,9:30:01 PM,link,111103359011041_916964958424873,📣【學員心得分享】📣每堂課，除了學習新的課程之外，還有考試、複習的時間，經由這個過程，可以讓我們知道，到底接收了多少、吸收了多少。平均同一段影片，會看五次，第一次是上課，第二次是聽音檔並排列順序，第三次是聽寫，第四次是填空，第五次是考試。透過不斷不斷的練習，重複不斷的接收，把這些訊息一次一次地植入我們的腦中，一次一次加深我們的印象。但不僅僅只是聽、寫，每次也都必須練習口說。學日文久了，講英文有的時候難免會有日本腔，一開始很不喜歡聽自己說的英文，覺得很怪，但透過影片，複誦句子，模仿音調及速度，一次兩次三次下來，感覺英文發音也越來越漂亮。#喜歡就按讚👍 #認同請分享💪►持續攻其不背，讓你英文不再弱弱(low low)的！ ✨ ✨ ✨,shared_story,http://minmi68.pixnet.net/blog/post/355662303,希平方學英文 攻其不背 @ Mei日心閱 :: 痞客邦 PIXNET ::,0,18,1,3/31/2016 21:30,
,,,,,,,,,,,,,, ,
,,,,,,,,,,,,,, ,
,,,,,,,,,,,,,, ,
,,,,,,,,,,,,,, ,
,,,,,,,,,,,,,, ,
,,,,,,,,,,,,,, ,
,,,,,,,,,,,,,, ,
,,,,,,,,,,,,,, ,
,,,,,,,,,,,,,, ,
,,,,,,,,,,,,,, ,
,,,,,,,,,,,,,, ,
,,,,,,,,,,,,,, ,
,,,,,,,,,,,,,, ,
,,,,,,,,,,,,,, ,
,,,,,,,,,,,,,, ,
,,,,,,,,,,,,,, ,
,,,,,,,,,,,,,, ,
,,,,,,,,,,,,,, ,
,,,,,,,,,,,,,, ,
,,,,,,,,,,,,,, ,
,,,,,,,,,,,,,,,
,,,,,,,,,,,,,,,
,,,,,,,,,,,,,,,
,,,,,,,,,,,,,,,
,,,,,,,,,,,,,,,
,,,,,,,,,,,,,,,
,,,,,,,,,,,,,,,
,,,,,,,,,,,,,,,
,,,,,,,,,,,,,,,
,,,,,,,,,,,,,,,
,,,,,,,,,,,,,,,
,,,,,,,,,,,,,,,
,,,,,,,,,,,,,,,
,,,,,,,,,,,,,,,
,,,,,,,,,,,,,,,
,,,,,,,,,,,,,,,
,,,,,,,,,,,,,,,
,,,,,,,,,,,,,,,
,,,,,,,,,,,,,,,
,,,,,,,,,,,,,,,
,,,,,,,,,,,,,,,
,,,,,,,,,,,,,,,
,,,,,,,,,,,,,,,
,,,,,,,,,,,,,,,
,,,,,,,,,,,,,,,
,,,,,,,,,,,,,,,
,,,,,,,,,,,,,,,
,,,,,,,,,,,,,,,
,,,,,,,,,,,,,,,
,,,,,,,,,,,,,,,
,,,,,,,,,,,,,,,
,,,,,,,,,,,,,,,
,,,,,,,,,,,,,,,
,,,,,,,,,,,,,,,
,,,,,,,,,,,,,,,
,,,,,,,,,,,,,,,
,,,,,,,,,,,,,,,
,,,,,,,,,,,,,,,
,,,,,,,,,,,,,,,
,,,,,,,,,,,,,,,
,,,,,,,,,,,,,,,
,,,,,,,,,,,,,,,
,,,,,,,,,,,,,,,
,,,,,,,,,,,,,,,
,,,,,,,,,,,,,,,
,,,,,,,,,,,,,,,
,,,,,,,,,,,,,,,
,,,,,,,,,,,,,,,
,,,,,,,,,,,,,,,
,,,,,,,,,,,,,,,
,,,,,,,,,,,,,,,
,,,,,,,,,,,,,,,
,,,,,,,,,,,,,,,
,,,,,,,,,,,,,,,
,,,,,,,,,,,,,,,
,,,,,,,,,,,,,,,
,,,,,,,,,,,,,,,
,,,,,,,,,,,,,,,
,,,,,,,,,,,,,,,
,,,,,,,,,,,,,,,
,,,,,,,,,,,,,,,
,,,,,,,,,,,,,,,
,,,,,,,,,,,,,,,
,,,,,,,,,,,,,,,
,,,,,,,,,,,,,,,
,,,,,,,,,,,,,,,
,,,,,,,,,,,,,,,
,,,,,,,,,,,,,,,
,,,,,,,,,,,,,,,
,,,,,,,,,,,,,,,
,,,,,,,,,,,,,,,
,,,,,,,,,,,,,,,
,,,,,,,,,,,,,,,
,,,,,,,,,,,,,,,
,,,,,,,,,,,,,,,
,,,,,,,,,,,,,,,
,,,,,,,,,,,,,,,
,,,,,,,,,,,,,,,
,,,,,,,,,,,,,,,
,,,,,,,,,,,,,,,
,,,,,,,,,,,,,,,
,,,,,,,,,,,,,,,
,,,,,,,,,,,,,,,
,,,,,,,,,,,,,,,
,,,,,,,,,,,,,,,
,,,,,,,,,,,,,,,
,,,,,,,,,,,,,,,
,,,,,,,,,,,,,,,
,,,,,,,,,,,,,,,
,,,,,,,,,,,,,,,
,,,,,,,,,,,,,,,
,,,,,,,,,,,,,,,
,,,,,,,,,,,,,,,
,,,,,,,,,,,,,,,
,,,,,,,,,,,,,,,
,,,,,,,,,,,,,,,
,,,,,,,,,,,,,,,
,,,,,,,,,,,,,,,
,,,,,,,,,,,,,,,
,,,,,,,,,,,,,,,
,,,,,,,,,,,,,,,
,,,,,,,,,,,,,,,
,,,,,,,,,,,,,,,
,,,,,,,,,,,,,,,
,,,,,,,,,,,,,,,
,,,,,,,,,,,,,,,
,,,,,,,,,,,,,,,
,,,,,,,,,,,,,,,
,,,,,,,,,,,,,,,
,,,,,,,,,,,,,,,
,,,,,,,,,,,,,,,
,,,,,,,,,,,,,,,
,,,,,,,,,,,,,,,
,,,,,,,,,,,,,,,
,,,,,,,,,,,,,,,
,,,,,,,,,,,,,,,
,,,,,,,,,,,,,,,
,,,,,,,,,,,,,,,
,,,,,,,,,,,,,,,
,,,,,,,,,,,,,,,
,,,,,,,,,,,,,,,
,,,,,,,,,,,,,,,
,,,,,,,,,,,,,,,
,,,,,,,,,,,,,,,
,,,,,,,,,,,,,,,
,,,,,,,,,,,,,,,
,,,,,,,,,,,,,,,
,,,,,,,,,,,,,,,
,,,,,,,,,,,,,,,
,,,,,,,,,,,,,,,
,,,,,,,,,,,,,,,
,,,,,,,,,,,,,,,
,,,,,,,,,,,,,,,
,,,,,,,,,,,,,,,
,,,,,,,,,,,,,,,
,,,,,,,,,,,,,,,
,,,,,,,,,,,,,,,
,,,,,,,,,,,,,,,
,,,,,,,,,,,,,,,
,,,,,,,,,,,,,,,
,,,,,,,,,,,,,,,
,,,,,,,,,,,,,,,
,,,,,,,,,,,,,,,
,,,,,,,,,,,,,,,
,,,,,,,,,,,,,,,
,,,,,,,,,,,,,,,
,,,,,,,,,,,,,,,
,,,,,,,,,,,,,,,
,,,,,,,,,,,,,,,
,,,,,,,,,,,,,,,
,,,,,,,,,,,,,,,
,,,,,,,,,,,,,,,
,,,,,,,,,,,,,,,
,,,,,,,,,,,,,,,
,,,,,,,,,,,,,,,
,,,,,,,,,,,,,,,
,,,,,,,,,,,,,,,
,,,,,,,,,,,,,,,
,,,,,,,,,,,,,,,
,,,,,,,,,,,,,,,
,,,,,,,,,,,,,,,
,,,,,,,,,,,,,,,
,,,,,,,,,,,,,,,
,,,,,,,,,,,,,,,
,,,,,,,,,,,,,,,
,,,,,,,,,,,,,,,
,,,,,,,,,,,,,,,
,,,,,,,,,,,,,,,
,,,,,,,,,,,,,,,
,,,,,,,,,,,,,,,
,,,,,,,,,,,,,,,
,,,,,,,,,,,,,,,
,,,,,,,,,,,,,,,
,,,,,,,,,,,,,,,
,,,,,,,,,,,,,,,
,,,,,,,,,,,,,,,
,,,,,,,,,,,,,,,
,,,,,,,,,,,,,,,
,,,,,,,,,,,,,,,
,,,,,,,,,,,,,,,
,,,,,,,,,,,,,,,
,,,,,,,,,,,,,,,
,,,,,,,,,,,,,,,
,,,,,,,,,,,,,,,
,,,,,,,,,,,,,,,
,,,,,,,,,,,,,,,
,,,,,,,,,,,,,,,
,,,,,,,,,,,,,,,
,,,,,,,,,,,,,,,
,,,,,,,,,,,,,,,
,,,,,,,,,,,,,,,
,,,,,,,,,,,,,,,
,,,,,,,,,,,,,,,
,,,,,,,,,,,,,,,
,,,,,,,,,,,,,,,
,,,,,,,,,,,,,,,
,,,,,,,,,,,,,,,
,,,,,,,,,,,,,,,
,,,,,,,,,,,,,,,
,,,,,,,,,,,,,,,
,,,,,,,,,,,,,,,
,,,,,,,,,,,,,,,
,,,,,,,,,,,,,,,
,,,,,,,,,,,,,,,
,,,,,,,,,,,,,,,
,,,,,,,,,,,,,,,
,,,,,,,,,,,,,,,
,,,,,,,,,,,,,,,
,,,,,,,,,,,,,,,
,,,,,,,,,,,,,,,
,,,,,,,,,,,,,,,
,,,,,,,,,,,,,,,
,,,,,,,,,,,,,,,
,,,,,,,,,,,,,,,
,,,,,,,,,,,,,,,
,,,,,,,,,,,,,,,
,,,,,,,,,,,,,,,
,,,,,,,,,,,,,,,
,,,,,,,,,,,,,,,
,,,,,,,,,,,,,,,
,,,,,,,,,,,,,,,
,,,,,,,,,,,,,,,
,,,,,,,,,,,,,,,
,,,,,,,,,,,,,,,
,,,,,,,,,,,,,,,
,,,,,,,,,,,,,,,
,,,,,,,,,,,,,,,
,,,,,,,,,,,,,,,
,,,,,,,,,,,,,,,
,,,,,,,,,,,,,,,
,,,,,,,,,,,,,,,
,,,,,,,,,,,,,,,
,,,,,,,,,,,,,,,
,,,,,,,,,,,,,,,
,,,,,,,,,,,,,,,
,,,,,,,,,,,,,,,
,,,,,,,,,,,,,,,
,,,,,,,,,,,,,,,
,,,,,,,,,,,,,,,
,,,,,,,,,,,,,,,
,,,,,,,,,,,,,,,
,,,,,,,,,,,,,,,
,,,,,,,,,,,,,,,
,,,,,,,,,,,,,,,
,,,,,,,,,,,,,,,
,,,,,,,,,,,,,,,
,,,,,,,,,,,,,,,
,,,,,,,,,,,,,,,
,,,,,,,,,,,,,,,
,,,,,,,,,,,,,,,
,,,,,,,,,,,,,,,
,,,,,,,,,,,,,,,
,,,,,,,,,,,,,,,
,,,,,,,,,,,,,,,
,,,,,,,,,,,,,,,
,,,,,,,,,,,,,,,
,,,,,,,,,,,,,,,
,,,,,,,,,,,,,,,
,,,,,,,,,,,,,,,
,,,,,,,,,,,,,,,
,,,,,,,,,,,,,,,
,,,,,,,,,,,,,,,
,,,,,,,,,,,,,,,
,,,,,,,,,,,,,,,
,,,,,,,,,,,,,,,
,,,,,,,,,,,,,,,
,,,,,,,,,,,,,,,
,,,,,,,,,,,,,,,
,,,,,,,,,,,,,,,
,,,,,,,,,,,,,,,
,,,,,,,,,,,,,,,
,,,,,,,,,,,,,,,
,,,,,,,,,,,,,,,
,,,,,,,,,,,,,,,
,,,,,,,,,,,,,,,
,,,,,,,,,,,,,,,
,,,,,,,,,,,,,,,
,,,,,,,,,,,,,,,
,,,,,,,,,,,,,,,
,,,,,,,,,,,,,,,
,,,,,,,,,,,,,,,
,,,,,,,,,,,,,,,
,,,,,,,,,,,,,,,
,,,,,,,,,,,,,,,
,,,,,,,,,,,,,,,
,,,,,,,,,,,,,,,
,,,,,,,,,,,,,,,
,,,,,,,,,,,,,,,
,,,,,,,,,,,,,,,
,,,,,,,,,,,,,,,
,,,,,,,,,,,,,,,
,,,,,,,,,,,,,,,
,,,,,,,,,,,,,,,
,,,,,,,,,,,,,,,
,,,,,,,,,,,,,,,
,,,,,,,,,,,,,,,
,,,,,,,,,,,,,,,
,,,,,,,,,,,,,,,
,,,,,,,,,,,,,,,
,,,,,,,,,,,,,,,
,,,,,,,,,,,,,,,
,,,,,,,,,,,,,,,
,,,,,,,,,,,,,,,
,,,,,,,,,,,,,,,
,,,,,,,,,,,,,,,
,,,,,,,,,,,,,,,
,,,,,,,,,,,,,,,
,,,,,,,,,,,,,,,3/6/2016 16:30
